appearance_id,appearance_year,appearance_type,appearance_names,location_id
1,1273,Игра,Каменные сердца,248
2,1260,Книга,Владычица Озера,
3,1257,Книга,«Час презрения»,
4,1272,Игра,Ведьмак 3,722
5,1257,Книга,«Час презрения»,
6,1270,Игра,Ведьмак 2,
7,1272,Игра,Ведьмак 3,641
8,1264,Книга,«Меньшее зло»,
9,1230,Книга,Ведьмак,213
10,1266,Книга,«Сезон Гроз»,
11,1260,Книга,«Владычица озера»,
12,1264,Книга,«Меньшее зло»,
13,1230,Книга,«Кровь эльфов»,
14,1259,Книга,«Башня ласточки»,
15,1246,Книга,«Крещение огнём»,
16,1275,Игра,Кровь и Вино,164
17,1230,Книга,Час Презрения,
18,1272,Игра,Ведьмак 3,
19,1257,Книга,«Час презрения»,
20,1272,Игра,Ведьмак 3,687
21,1246,Книга,«Крещение огнём»,
22,1256,Книга,«Немного жертвенности»,
23,1259,Книга,«Башня ласточки»,
24,1230,Книга,Книги:«Кровь эльфов»,
25,1275,Игра,Кровь и Вино,10
26,1230,Книга,«Ведьмак: Настольная Ролевая Игра»,
27,1278,Игра,«Гвинт: Ведьмак. Карточная игра»,
28,1230,Книга,«Ведьмак: Игра Воображения»,
29,1270,Игра,Ведьмак 2,14
30,1230,Книга,Ведьмак,530
31,1275,Игра,Кровь и Вино,
32,1260,Книга,«Владычица озера»,
33,1230,Книга,«Ведьмак»,
34,1230,Книга,«Ведьмак: Проклятие воронов»,
35,1254,Картинка,«Генеалогии»,
36,1266,Книга,Сезон Гроз,
37,1260,Книга,«Владычица озера»,
38,1273,Игра,Каменные сердца,257
39,1246,Книга,«Крещение огнём»,
40,1260,Книга,«Владычица озера»,
41,1275,Игра,Кровь и Вино,
42,1275,Игра,Кровь и Вино,553
43,1270,Игра,Ведьмак 2,17
44,1275,Игра,Кровь и Вино,659
45,1272,Игра,Ведьмак 3,
46,1230,Книга,Ведьмак,
47,1230,Книга,«Башня Ласточки»,
48,1230,Комикс,«Предательство»,
49,1272,Игра,Ведьмак 3,
50,1266,Книга,«Сезон Гроз»,
51,1260,Книга,«Владычица озера»,
52,1257,Книга,«Час презрения»,
53,1256,Книга,«Немного жертвенности»,
54,1257,Книга,«Час презрения»,
55,1272,Игра,Ведьмак 3,
56,1272,Игра,Ведьмак 3,110
57,1272,Игра,Ведьмак 3,284
58,1272,Игра,Ведьмак 3,
59,1278,Игра,Гвинт,
60,1266,Книга,«Сезон Гроз»,
61,1266,Книга,«Сезон Гроз»,
62,1272,Игра,Ведьмак 3,
63,1272,Игра,Ведьмак 3,279
64,1273,Игра,Каменные сердца,686
65,1230,Книга,Ведьмак,530
66,1254,Картинка,«Генеалогии»,
67,1278,Игра,Гвинт,
68,1260,Книга,Владычица Озера,
69,1244,Книга,Маг-Отступник,
70,1272,Игра,Ведьмак 3,
71,1272,Игра,Ведьмак 3,299
72,1230,Книга,Ведьмак,369
73,1272,Игра,Ведьмак 3,490
74,1266,Книга,«Сезон Гроз»,
75,1272,Игра,Ведьмак 3,48
76,1272,Игра,Ведьмак 3,
77,1272,Игра,Ведьмак 3,
78,1278,Игра,«Гвинт: Ведьмак. Карточная игра»,
79,1230,Книга,Ведьмак,213
80,1254,Книга,Меч Предназначения,
81,1272,Игра,Ведьмак 3,345
82,1273,Игра,Каменные сердца,110
83,1278,Игра,«Гвинт: Ведьмак. Карточная игра»,
84,1275,Игра,Кровь и Вино,
85,1230,Книга,Ведьмак,
86,1272,Игра,Ведьмак 3,
87,1257,Книга,«Час презрения»,
88,1246,Книга,«Крещение огнём»,
89,1230,Книга,Кровная вражда,
90,1260,Книга,«Владычица озера»,
91,1259,Книга,«Башня ласточки»,
92,1230,Книга,«Ведьмак: Игра Воображения»,
93,1272,Игра,Ведьмак 3,
94,1272,Игра,Ведьмак 3,98
95,1272,Игра,Ведьмак 3,448
96,1272,Игра,Ведьмак 3,279
97,1230,Книга,Ведьмак,
98,1270,Игра,Ведьмак 2,220
99,1230,Книга,«Башня Ласточки»,
100,1260,Книга,«Владычица озера»,
101,1260,Книга,«Владычица озера»,
102,1260,Книга,«Владычица озера»,
103,1272,Игра,Ведьмак 3,
104,1259,Книга,«Башня ласточки»,
105,1270,Игра,Ведьмак 2,36
106,1260,Книга,«Владычица озера»,
107,1272,Игра,Ведьмак 3,162
108,1230,Книга,Ведьмак,631
109,1260,Книга,«Владычица озера»,
110,1230,Книга,«Ведьмак: Убивая чудовищ»,
111,1272,Игра,Ведьмак 3,
112,1246,Книга,«Крещение огнём»,
113,1272,Игра,Ведьмак 3,519
114,1254,Картинка,«Генеалогии»,
115,1273,Игра,Каменные сердца,
116,1275,Игра,Кровь и Вино,
117,1272,Игра,Ведьмак 3,48
118,1273,Игра,Каменные сердца,209
119,1275,Игра,Кровь и Вино,659
120,1272,Игра,Ведьмак 3,
121,1272,Игра,Ведьмак 3,
122,1266,Книга,Сезон Гроз,
123,1230,Книга,Ведьмак,631
124,1230,Книга,«Ведьмак: Благо народа»,
125,1230,Книга,«Ведьмак: Благо народа»,
126,1273,Игра,Каменные сердца,270
127,1275,Игра,Кровь и Вино,
128,1275,Игра,Кровь и Вино,552
129,1230,Книга,Ведьмак,220
130,1257,Книга,«Час презрения»,
131,1230,Комикс,«Предательство»,
132,1270,Игра,Ведьмак 2,
133,1272,Игра,Ведьмак 3,110
134,1257,Книга,«Час презрения»,
135,1275,Игра,Кровь и Вино,10
136,1260,Книга,«Владычица озера»,
137,1272,Игра,Ведьмак 3,519
138,1270,Игра,Ведьмак 2,220
139,1264,Книга,«Меньшее зло»,
140,1272,Игра,Ведьмак 3,
141,1230,Книга,«Ведьмак: Игра Воображения»,
142,1230,Книга,Ведьмак,65
143,1260,Книга,«Владычица озера»,
144,1230,Книга,«Ведьмак: Настольная Ролевая Игра»,
145,1272,Игра,Ведьмак 3,166
146,1230,Книга,Кровная вражда,
147,1272,Игра,Ведьмак 3,110
148,1247,Книга,«Вечный огонь»,
149,1275,Игра,Кровь и Вино,582
150,1270,Игра,Ведьмак 2,545
151,1272,Игра,Ведьмак 3,110
152,1230,Книга,«Кровь эльфов»,
153,1272,Игра,Ведьмак 3,110
154,1278,Игра,«Гвинт: Ведьмак. Карточная игра»,
155,1275,Игра,Кровь и Вино,412
156,1272,Игра,Ведьмак 3,
157,1253,Книга,«Последнее желание»,
158,1272,Игра,Ведьмак 3,162
159,1230,Книга,Башня Ласточки,
160,1257,Книга,«Час презрения»,
161,1246,Книга,«Крещение огнём»,
162,1272,Игра,Ведьмак 3,110
163,1272,Игра,Ведьмак 3,
164,1272,Игра,Ведьмак 3,110
165,1256,Книга,«Нечто большее»,
166,1260,Книга,«Владычица озера»,
167,1264,Книга,«Меньшее зло»,
168,1278,Игра,Гвинт,
169,1230,Книга,«Кровь эльфов»,
170,1272,Игра,Ведьмак 3,230
171,1230,Книга,«Ведьмак: Игра Воображения»,
172,1278,Игра,Гвинт,
173,1278,Игра,«Гвинт: Ведьмак. Карточная игра»,
174,1272,Игра,Ведьмак 3,
175,1272,Игра,Ведьмак 3,
176,1230,Книга,Ведьмак,647
177,1230,Книга,Ведьмак,195
178,1230,Книга,Ведьмак,81
179,1230,Книга,«Ведьмак: Убивая чудовищ»,
180,1254,Картинка,«Генеалогии»,
181,,,,
182,1270,Игра,Ведьмак 2,
183,1275,Игра,Кровь и Вино,412
184,1230,Книга,«Ведьмак: Убивая чудовищ»,
185,1270,Игра,Ведьмак 2,49
186,1266,Книга,«Сезон Гроз»,
187,1260,Книга,«Владычица озера»,
188,1230,Книга,Ведьмак,
189,1272,Игра,Ведьмак 3,
190,1230,Книга,Кровная вражда,
191,1230,Книга,«Кровь эльфов»,
192,1275,Игра,Кровь и Вино,
193,1275,Игра,Кровь и Вино,
194,1259,Книга,«Башня ласточки»,
195,1272,Игра,Ведьмак 3,
196,1272,Игра,Ведьмак 3,
197,1272,Игра,Ведьмак 3,
198,1272,Игра,Ведьмак 3,48
199,1275,Игра,Кровь и Вино,
200,1272,Игра,Ведьмак 3,
201,1273,Игра,Каменные сердца,
202,1270,Игра,Ведьмак 2,259
203,1272,Игра,Ведьмак 3,419
204,1275,Игра,Кровь и Вино,
205,1272,Игра,Ведьмак 3,345
206,1272,Игра,Ведьмак 3,631
207,1254,Картинка,«Генеалогии»,
208,1247,Книга,«Вечный огонь»,
209,1230,Книга,Ведьмак,32
210,1272,Игра,Ведьмак 3,575
211,1278,Игра,Гвинт,
212,1230,Книга,Ведьмак,
213,1254,Картинка,«Генеалогии»,
214,1253,Книга,«Что-то кончается,
215,1266,Книга,«Сезон Гроз»,
216,1259,Книга,«Башня ласточки»,
217,1275,Игра,Кровь и Вино,7
218,1272,Игра,Ведьмак 3,48
219,1272,Игра,Ведьмак 3,110
220,1230,Книга,Ведьмак,34
221,1260,Книга,"Владычица Озера",
222,1254,Картинка,«Генеалогии»,
223,1270,Игра,Ведьмак 2,42
224,1272,Игра,Ведьмак 3,448
225,1272,Игра,Ведьмак 3,447
226,1264,Книга,«Меньшее зло»,
227,1257,Книга,«Час презрения»,
228,1230,Книга,«Ведьмак: Игра Воображения»,
229,1273,Игра,Каменные сердца,232
230,1259,Книга,«Башня ласточки»,
231,1272,Игра,Ведьмак 3,722
232,1272,Игра,Ведьмак 3,162
233,1270,Игра,Ведьмак 2,42
234,1272,Игра,Ведьмак 3,110
235,1260,Книга,«Владычица озера»,
236,1272,Игра,Ведьмак 3,188
237,1230,Книга,Час Презрения (книга),
238,1256,Книга,«Немного жертвенности»,
239,1278,Игра,Гвинт,
240,1272,Игра,Ведьмак 3,166
241,1266,Книга,«Сезон Гроз»,
242,1275,Игра,Кровь и Вино,629
243,1257,Книга,«Час презрения»,
244,1254,Картинка,«Генеалогии»,
245,1260,Книга,«Владычица озера»,
246,1272,Игра,Ведьмак 3,
247,1272,Игра,Ведьмак 3,504
248,1260,Книга,«Владычица озера»,
249,1272,Игра,Ведьмак 3,
250,1253,Книга,«Последнее желание»,
251,1275,Игра,Кровь и Вино,500
252,1273,Игра,Каменные сердца,257
253,1248,Книга,«Предел возможного»,
254,1272,Игра,Ведьмак 3,
255,1273,Игра,Каменные сердца,
256,1230,Книга,Кровная вражда,718
257,,,,
258,1272,Игра,Ведьмак 3,220
259,1230,Книга,Кровная вражда,
260,1270,Игра,Ведьмак 2,
261,1272,Игра,Ведьмак 3,110
262,1230,Книга,Ведьмак,647
263,1275,Игра,Кровь и Вино,
264,1255,Книга,Кровь Эльфов,
265,1264,Книга,«Меньшее зло»,
266,1275,Игра,Кровь и Вино,533
267,1259,Книга,«Башня ласточки»,
268,1272,Игра,Ведьмак 3,48
269,1275,Игра,Кровь и Вино,65
270,1275,Игра,Кровь и Вино,659
271,1248,Книга,«Предел возможного»,
272,1278,Игра,«Гвинт: Ведьмак. Карточная игра»,
273,1272,Игра,Ведьмак 3,345
274,1272,Игра,Ведьмак 3,448
275,1272,Игра,«Ведьмак 3: Дикая Охота»,
276,1272,Игра,Ведьмак 3,162
277,1270,Игра,Ведьмак 2,14
278,1275,Игра,Кровь и Вино,55
279,1254,Книга,«Меч Предназначения»,
280,1272,Игра,Ведьмак 3,284
281,1266,Книга,«Сезон Гроз»,
282,1272,Игра,Настольная Ролевая Игра,
283,1260,Книга,Владычица Озера,
284,1266,Книга,"Сезон Гроз",
285,1270,Игра,Ведьмак 2,14
286,1254,Книга,«Меч Предназначения»,
287,1230,Книга,«Ведьмак: Благо народа»,
288,1272,Игра,Ведьмак 3,110
289,1272,Игра,Ведьмак 3,
290,1278,Игра,Гвинт,
291,1257,Книга,«Час презрения»,
292,1246,Книга,«Крещение огнём»,
293,1278,Игра,«Гвинт: Ведьмак. Карточная игра»,
294,1272,Игра,Ведьмак 3,284
295,1273,Игра,Каменные сердца,250
296,1275,Игра,Кровь и Вино,
297,1256,Книга,«Немного жертвенности»,
298,1259,Книга,Книги:«Башня ласточки»Игры:«Ведьмак»,
299,1272,Игра,Ведьмак 3,
300,1270,Игра,Ведьмак 2,220
301,1259,Книга,«Башня ласточки»,
302,1266,Книга,Сезон Гроз,
303,1272,Игра,Ведьмак 3,110
304,1272,Игра,Ведьмак 3,110
305,1254,Картинка,«Генеалогии»,
306,1272,Игра,Ведьмак 3,495
307,1272,Игра,Ведьмак 3,110
308,1278,Игра,Гвинт,
309,1270,Игра,Ведьмак 2,17
310,1230,Книга,Ведьмак,
311,1266,Книга,Боевая Арена,
312,1230,Книга,Кровная вражда,21
313,1272,Игра,Ведьмак 3,110
314,1278,Игра,Гвинт,
315,1272,Игра,Ведьмак 3,162
316,1272,Игра,Ведьмак 3,284
317,1260,Книга,"Владычица озера" (упоминание),
318,1272,Игра,Ведьмак 3,47
319,1230,Книга,«Башня Ласточки»,
320,1272,Игра,Ведьмак 3,110
321,1272,Игра,Ведьмак 3,230
322,1233,Книга,«Когти и клыки»,
323,1272,Игра,Ведьмак 3,162
324,1278,Игра,Гвинт,
325,1273,Игра,Каменные сердца,
326,1257,Книга,«Час презрения»,
327,1250,Книга,«Край света»,
328,1270,Игра,Ведьмак 2,331
329,,,,
330,1270,Игра,Ведьмак 2,
331,1273,Игра,Каменные сердца,
332,1256,Книга,Нечто большее,
333,1230,Книга,«Ведьмак: Дом витражей»,
334,1272,Игра,Ведьмак 3,27
335,1275,Игра,Кровь и Вино,280
336,1278,Игра,Гвинт,
337,1272,Игра,Ведьмак 3,
338,1230,Книга,Ведьмак,110
339,1246,Книга,«Крещение огнём»,
340,1257,Книга,«Час презрения»,
341,1273,Игра,Каменные сердца,20
342,1259,Книга,«Башня ласточки»,
343,1270,Игра,Ведьмак 2,424
344,1275,Игра,Кровь и Вино,569
345,,,,
346,,,,
347,,,,
348,1230,Книга,«Ведьмак: Игра Воображения»,
349,1230,Книга,«Ведьмак»,
350,1275,Игра,Кровь и Вино,55
351,1275,Игра,Кровь и Вино,211
352,1256,Книга,«Нечто большее»,
353,1230,Книга,«Ведьмак: Игра Воображения»,
354,1260,Книга,«Владычица озера»,
355,1249,Книга,«Крупица истины»,
356,1270,Игра,Ведьмак 2,42
357,1273,Игра,Каменные сердца,248
358,1249,Книга,«Крупица истины»,
359,1257,Книга,«Час презрения»,
360,1272,Игра,Ведьмак 3,248
361,1273,Игра,Каменные сердца,248
362,1273,Игра,Каменные сердца,209
363,1270,Игра,Ведьмак 2,17
364,1272,Игра,Ведьмак 3,48
365,1256,Книга,«Немного жертвенности»,
366,1270,Игра,Ведьмак 2,220
367,1230,Книга,«Кровь эльфов»,
368,1273,Игра,Каменные сердца,
369,1230,Книга,Ведьмак,647
370,1247,Книга,«Вечный огонь»,
371,1254,Картинка,«Генеалогии»,
372,1230,Книга,Ведьмак,66
373,1272,Игра,Ведьмак 3,
374,1254,Картинка,«Генеалогии»,
375,1275,Игра,Кровь и Вино,7
376,1272,Игра,Ведьмак 3,482
377,1266,Книга,«Сезон Гроз»,
378,1230,Книга,«Ведьмак: Игра Воображения»,
379,1272,Игра,Ведьмак 3,284
380,1254,Картинка,«Генеалогии»,
381,1230,Книга,«Кровь эльфов»,
382,1272,Игра,Ведьмак 3,
383,1272,Игра,Ведьмак 3,47
384,1272,Игра,Ведьмак 3,232
385,1275,Игра,Кровь и Вино,
386,1260,Книга,«Владычица Озера»,
387,1278,Игра,Гвинт,
388,1230,Книга,«Кровь эльфов»,
389,1230,Книга,Кровная вражда,
390,1253,Книга,«Что-то кончается,
391,1272,Игра,Ведьмак 3,345
392,1257,Книга,«Час презрения»,
393,1257,Книга,«Час презрения»,
394,1230,Книга,Кровная вражда,432
395,1272,Игра,Ведьмак 3,48
396,,,,
397,1230,Книга,«Кровь эльфов»,
398,1260,Книга,«Владычица озера»,
399,1272,Игра,Ведьмак 3,
400,1275,Игра,Кровь и Вино,456
401,1270,Игра,Ведьмак 2,42
402,1257,Книга,«Час презрения»,
403,1272,Игра,Ведьмак 3,
404,1230,Книга,«Кровь эльфов»,
405,1272,Игра,Ведьмак 3,
406,1273,Игра,Каменные сердца,
407,1260,Книга,Владычица Озера,
408,1247,Книга,«Вечный огонь»,
409,1230,Книга,Башня Ласточки,
410,1244,Книга,«Вопрос цены»,
411,1254,Картинка,«Генеалогии»,
412,1275,Игра,Кровь и Вино,296
413,1275,Игра,Кровь и Вино,456
414,1275,Игра,Кровь и Вино,580
415,1275,Игра,Кровь и Вино,648
416,1275,Игра,Кровь и Вино,713
417,1278,Игра,Гвинт,
418,1270,Игра,Ведьмак 2,17
419,1230,Книга,Ведьмак,66
420,1270,Игра,Ведьмак 2,478
421,1272,Игра,Ведьмак 3,
422,1257,Книга,«Час презрения»,
423,1266,Книга,«Сезон Гроз»,
424,1266,Книга,«Сезон Гроз»,
425,1253,Книга,«Последнее желание»,
426,1260,Книга,«Владычица озера»,
427,1230,Книга,«Кровь эльфов»,
428,1259,Книга,«Дорога без возврата»,
429,1244,Книга,«Вопрос цены»,
430,1272,Игра,Ведьмак 3,
431,1230,Книга,«Кровь эльфов»,
432,1273,Игра,Каменные сердца,686
433,1270,Игра,Ведьмак 2,49
434,1272,Игра,Ведьмак 3,
435,1273,Игра,Каменные сердца,257
436,1272,Игра,Ведьмак 3,
437,1230,Книга,Кровная вражда,655
438,1275,Игра,Кровь и Вино,412
439,1273,Игра,Каменные сердца,110
440,1275,Игра,Кровь и Вино,
441,1230,Книга,Ведьмак,17
442,1266,Книга,«Сезон Гроз»,
443,1230,Книга,«Ведьмак: Игра Воображения»,
444,1257,Книга,«Час презрения»,
445,1272,Игра,Ведьмак 3,48
446,1275,Игра,Кровь и Вино,533
447,1272,Игра,Ведьмак 3,110
448,1272,Игра,Ведьмак 3,490
449,1272,Игра,Ведьмак 3,480
450,1272,Игра,Ведьмак 3,
451,1230,Книга,Кровь эльфов,
452,1230,Книга,Ведьмак,
453,1272,Игра,Ведьмак 3,98
454,1273,Игра,Каменные сердца,545
455,1272,Игра,Ведьмак 3,110
456,1230,Книга,Ведьмак,95
457,1278,Игра,Гвинт,
458,1253,Книга,«Последнее желание»,
459,1278,Игра,«Гвинт: Ведьмак. Карточная игра»,
460,1273,Игра,Каменные сердца,
461,1244,Книга,Книги:«Вопрос цены»Игры:«Ведьмак»,
462,1230,Книга,Кровная вражда,
463,1272,Игра,Ведьмак 3,105
464,1272,Игра,Ведьмак 3,
465,1254,Картинка,«Генеалогии»,
466,1264,Книга,«Меньшее зло»,
467,1259,Книга,«Башня ласточки»,
468,1272,Игра,Ведьмак 3,
469,1255,Книга,Кровь Эльфов,
470,1248,Книга,«Предел возможного»,
471,1230,Книга,Кровная вражда,
472,1273,Игра,Каменные сердца,
473,1259,Книга,Книги: «Башня Ласточки»Игры:«Ведьмак»,
474,1270,Игра,Ведьмак 2,259
475,1272,Игра,Ведьмак 3,110
476,1244,Книга,«Вопрос цены»,
477,1272,Игра,Ведьмак 3,
478,1278,Игра,Гвинт,
479,1250,Книга,«Край света»,
480,1260,Книга,«Владычица озера»,
481,1275,Игра,Кровь и Вино,533
482,1260,Книга,«Владычица озера»,
483,1272,Игра,Ведьмак 3,110
484,1272,Игра,Ведьмак 3,220
485,1273,Игра,Каменные сердца,321
486,1273,Игра,Каменные сердца,
487,1257,Книга,«Час презрения»,
488,1272,Игра,Ведьмак 3,162
489,1270,Игра,Ведьмак 2,41
490,1247,Книга,«Вечный огонь»,
491,1260,Книга,«Владычица озера»,
492,1272,Игра,Ведьмак 3,220
493,1272,Игра,Ведьмак 3,232
494,1230,Книга,Кровная вражда,
495,1270,Игра,Ведьмак 2,42
496,1256,Книга,«Немного жертвенности»,
497,1272,Игра,Ведьмак 3,436
498,1275,Игра,Кровь и Вино,490
499,1275,Игра,Кровь и Вино,164
500,1230,Книга,Кровная вражда,
501,1272,Игра,Ведьмак 3,110
502,1230,Комикс,«Предательство»,
503,1254,Картинка,«Генеалогии»,
504,1230,Книга,«Ведьмак: Игра Воображения»,
505,1278,Игра,Гвинт,
506,1272,Игра,Ведьмак 3,106
507,1246,Книга,«Крещение огнём»,
508,1272,Игра,«Ведьмак 3: Дикая Охота»,
509,1230,Книга,«Башня Ласточки»,
510,1278,Игра,Гвинт,
511,1272,Игра,Ведьмак 3,
512,1278,Игра,Гвинт,
513,1254,Картинка,«Генеалогии»,
514,1230,Книга,«Башня Ласточки»,
515,1272,Игра,Ведьмак 3,110
516,1275,Игра,Кровь и Вино,
517,1272,Игра,Ведьмак 3,220
518,1272,Игра,Ведьмак 3,490
519,1272,Игра,Ведьмак 3,631
520,1272,Игра,Ведьмак 3,
521,1275,Игра,Кровь и Вино,10
522,,,,
523,1230,Книга,См. соответствующий раздел,
524,1230,Книга,«Башня Ласточки»,
525,1253,Книга,Книги:«Последнее желание»,
526,1252,Книга,«Осколок льда»,
527,1272,Игра,Ведьмак 3,
528,1272,Игра,Ведьмак 3,
529,1272,Игра,Ведьмак 3,
530,1273,Игра,«Каменные сердца»,
531,1230,Книга,Ведьмак,
532,1230,Книга,«Ведьмак: Настольная Ролевая Игра»,
533,1272,Игра,Ведьмак 3,48
534,1272,Игра,Ведьмак 3,732
535,1275,Игра,«Кровь и Вино»,
536,1230,Книга,Кровная вражда,
537,1273,Игра,Каменные сердца,20
538,1272,Игра,Ведьмак 3,566
539,1248,Книга,«Предел возможного»,
540,1275,Игра,Кровь и Вино,500
541,1257,Книга,«Час презрения»,
542,1230,Книга,Ведьмак,213
543,1230,Книга,Ведьмак,248
544,1230,Книга,Кровь эльфов,
545,1273,Игра,Каменные сердца,
546,1272,Игра,Ведьмак 3,110
547,1278,Игра,Гвинт,
548,1272,Игра,Ведьмак 3,519
549,1230,Книга,Ведьмак,631
550,1254,Картинка,«Генеалогии»,
551,1257,Книга,«Час презрения»,
552,1246,Книга,«Крещение огнём»,
553,1230,Книга,Ведьмак,267
554,1257,Книга,«Час презрения»,
555,1259,Книга,«Башня ласточки»,
556,1259,Книга,«Башня ласточки»,
557,1272,Игра,Ведьмак 3,490
558,1257,Книга,«Час презрения»,
559,1272,Игра,Ведьмак 3,
560,1266,Книга,«Сезон Гроз»,
561,1230,Книга,Ведьмак,
562,1254,Книга,"Меч Предназначения""Час Презрения",
563,1275,Игра,Кровь и Вино,
564,1257,Книга,«Час презрения»,
565,1272,Игра,Ведьмак 3,
566,1259,Книга,«Башня ласточки»,
567,1230,Книга,Ведьмак,248
568,1272,Игра,Ведьмак 3,110
569,1275,Игра,Кровь и Вино,
570,1275,Игра,Кровь и Вино,500
571,1272,Игра,Ведьмак 3,
572,1272,Игра,Ведьмак 3,250
573,1272,Игра,Ведьмак 3,732
574,1275,Игра,Кровь и Вино,533
575,1275,Игра,Кровь и Вино,456
576,1260,Книга,«Владычица озера»,
577,1259,Книга,«Башня ласточки»,
578,1272,Игра,Ведьмак 3,
579,1272,Игра,Ведьмак 3,490
580,1254,Картинка,«Генеалогии»,
581,1230,Книга,Кровная вражда,
582,1272,Игра,Ведьмак 3,
583,1246,Книга,«Крещение огнём»,
584,1272,Игра,Ведьмак 3,
585,1270,Игра,Ведьмак 2,259
586,1275,Игра,Кровь и Вино,
587,1273,Игра,Каменные сердца,20
588,1260,Книга,«Владычица озера»,
589,1257,Книга,«Час презрения»,
590,1272,Игра,Ведьмак 3,110
591,1272,Игра,Ведьмак 3,510
592,1275,Игра,Кровь и Вино,341
593,1275,Игра,Кровь и Вино,659
594,1272,Игра,Ведьмак 3,98
595,1230,Книга,Кровная вражда,367
596,1272,Игра,Ведьмак 3,48
597,1272,Игра,Ведьмак 3,
598,1272,Игра,Ведьмак 3,110
599,1272,Игра,Ведьмак 3,
600,1272,Игра,Ведьмак 3,48
601,1230,Книга,«Кровь эльфов»,
602,1230,Книга,Ведьмак,292
603,1273,Игра,Каменные сердца,200
604,1256,Книга,«Немного жертвенности»,
605,1272,Игра,Ведьмак 3,48
606,1275,Игра,Кровь и Вино,10
607,1230,Книга,Ведьмак,292
608,1272,Игра,Ведьмак 3,525
609,,,,
610,1270,Игра,Ведьмак 2,552
611,1272,Игра,Ведьмак 3,162
612,1278,Игра,Гвинт,
613,1272,Игра,Ведьмак 3,
614,1230,Книга,«Ведьмак: Игра Воображения»,
615,1272,Игра,Ведьмак 3,447
616,1273,Игра,Каменные сердца,250
617,1254,Картинка,«Генеалогии»,
618,1230,Книга,Кровная вражда,718
619,1278,Игра,Гвинт,
620,1272,Игра,Ведьмак 3,490
621,1272,Игра,Ведьмак 3,110
622,1230,Книга,Ведьмак,66
623,1272,Игра,Ведьмак 3,196
624,1272,Игра,Ведьмак 3,110
625,1230,Книга,Кровная вражда,226
626,1272,Игра,Ведьмак 3,345
627,1272,Игра,Ведьмак 3,17
628,1275,Игра,Кровь и Вино,629
629,1259,Книга,«Башня ласточки»,
630,1254,Картинка,«Генеалогии»,
631,1272,Игра,Ведьмак 3,567
632,1230,Комикс,«Предательство»,
633,1272,Игра,Ведьмак 3,110
634,1230,Книга,Ведьмак,631
635,1275,Игра,Кровь и Вино,98
636,1272,Игра,Ведьмак 3,
637,1273,Игра,Каменные сердца,110
638,1272,Игра,Ведьмак 3,345
639,1272,Игра,Ведьмак 3,105
640,1246,Книга,"Крещение огнём",
641,1254,Картинка,«Генеалогии»,
642,1254,Картинка,«Генеалогии»,
643,1230,Книга,Кровная вражда,
644,1247,Книга,«Вечный огонь»,
645,1230,Книга,«Ведьмак: Игра Воображения»,
646,1259,Книга,«Башня ласточки»,
647,1230,Книга,«Ведьмак»,
648,1256,Книга,«Немного жертвенности»,
649,1272,Игра,Ведьмак 3,
650,1270,Игра,Ведьмак 2,14
651,1254,Картинка,«Генеалогии»,
652,1230,Книга,Кровная вражда,
653,1275,Игра,Кровь и Вино,659
654,,,,
655,1275,Игра,Кровь и Вино,443
656,1246,Книга,«Крещение огнём»,
657,1275,Игра,Кровь и Вино,10
658,,,,
659,1270,Игра,Ведьмак 2,314
660,1230,Книга,Ведьмак,32
661,,,,
662,1230,Книга,Ведьмак,321
663,,,,
664,1275,Игра,Кровь и Вино,629
665,1259,Книга,«Башня ласточки»,
666,1230,Книга,Ведьмак,340
667,1253,Книга,«Последнее желание»,
668,1230,Книга,Ведьмак,166
669,1254,Картинка,«Генеалогии»,
670,1230,Книга,Ведьмак,213
671,1259,Книга,«Башня ласточки»,
672,1272,Игра,Ведьмак 3,500
673,1230,Книга,«Кровь эльфов»,
674,1272,Игра,Ведьмак 3,390
675,1244,Книга,«Глас рассудка»,
676,1260,Книга,«Владычица озера»,
677,1257,Книга,«Час презрения»,
678,1250,Книга,«Край света»,
679,1244,Книга,«Вопрос цены»,
680,1260,Книга,«Владычица озера»,
681,1278,Игра,Гвинт,
682,1272,Игра,Ведьмак 3,525
683,1230,Книга,Ведьмак,414
684,1264,Книга,«Меньшее зло»,
685,1275,Игра,Кровь и Вино,500
686,1257,Книга,«Час презрения»,
687,1272,Игра,Ведьмак 3,220
688,1262,Игра,«The Witcher Adventure Game»,
689,1273,Игра,Каменные сердца,
690,1275,Игра,Кровь и Вино,25
691,1230,Книга,«Кровь эльфов»,
692,1272,Игра,Ведьмак 3,110
693,1253,Книга,«Последнее желание»,
694,1275,Игра,Кровь и Вино,
695,1254,Картинка,«Генеалогии»,
696,1260,Книга,«Владычица озера»,
697,1230,Книга,«Ведьмак: Игра Воображения»,
698,1254,Картинка,«Генеалогии»,
699,1275,Игра,Кровь и Вино,
700,1257,Книга,«Час презрения»,
701,1272,Игра,Ведьмак 3,
702,1260,Книга,«Владычица озера»,
703,1273,Игра,Каменные сердца,51
704,1230,Книга,Ведьмак,
705,1272,Игра,Ведьмак 3,
706,1272,Игра,Ведьмак 3,11
707,1270,Игра,Ведьмак 2,341
708,1272,Игра,Ведьмак 3,
709,1272,Игра,Ведьмак 3,23
710,1272,Игра,Ведьмак 3,345
711,1275,Игра,Кровь и Вино,
712,1278,Игра,Гвинт,
713,1272,Игра,Ведьмак 3,110
714,1259,Книга,«Башня ласточки»,
715,1272,Игра,Ведьмак 3,162
716,1272,Игра,Ведьмак 3,110
717,1272,Игра,Ведьмак 3,
718,1230,Книга,«Кровь эльфов»,
719,1272,Игра,Ведьмак 3,
720,1230,Книга,«Ведьмак: Благо народа»,
721,1275,Игра,Кровь и Вино,55
722,1230,Книга,Ведьмак,647
723,1248,Книга,«Предел возможного»,
724,1259,Книга,«Башня ласточки»,
725,1270,Игра,Ведьмак 2,17
726,1264,Книга,Меньшее зло,
727,1230,Книга,Кровная вражда,490
728,1244,Книга,«Вопрос цены»,
729,1230,Книга,Ведьмак,
730,1257,Книга,«Час презрения»,
731,1244,Книга,«Вопрос цены»,
732,1244,Книга,Вопрос цены,
733,1272,Игра,Ведьмак 3,345
734,1230,Книга,«Ведьмак: Убивая чудовищ»,
735,1272,Игра,Ведьмак 3,110
736,1272,Игра,Ведьмак 3,202
737,1266,Книга,«Сезон Гроз»,
738,1247,Книга,«Вечный огонь»,
739,1272,Игра,Ведьмак 3,345
740,1278,Игра,Гвинт,
741,1272,Игра,Ведьмак 3,
742,1272,Игра,Ведьмак 3,230
743,,,,
744,1259,Книга,«Башня ласточки»,
745,1250,Книга,«Край света»,
746,1246,Книга,«Крещение огнём»,
747,1230,Книга,Ведьмак,
748,1254,Картинка,Генеалогии,
749,1254,Картинка,«Генеалогии»,
750,1270,Игра,Ведьмак 2,41
751,1247,Книга,«Вечный огонь»,
752,1275,Игра,Кровь и Вино,629
753,1275,Игра,Кровь и Вино,490
754,1273,Игра,Каменные сердца,692
755,1260,Книга,«Владычица озера»,
756,1275,Игра,Кровь и Вино,713
757,1254,Картинка,«Генеалогии»,
758,1272,Игра,Ведьмак 3,191
759,1272,Игра,Ведьмак 3,
760,1275,Игра,Кровь и Вино,500
761,1272,Игра,Ведьмак 3,
762,1275,Игра,Кровь и Вино,51
763,1260,Книга,Владычица Озера,
764,1260,Книга,«Владычица озера»,
765,1230,Книга,Ведьмак,340
766,1275,Игра,Кровь и Вино,238
767,1275,Игра,Кровь и Вино,599
768,1230,Книга,Ведьмак,271
769,1257,Книга,«Час презрения»,
770,1272,Игра,Ведьмак 3,191
771,1272,Игра,Ведьмак 3,162
772,1230,Книга,Ведьмак,530
773,1259,Книга,«Башня ласточки»,
774,1246,Книга,«Крещение огнём»,
775,1272,Игра,Ведьмак 3,
776,1272,Игра,Ведьмак 3,390
777,1275,Игра,Кровь и Вино,
778,1275,Игра,Кровь и Вино,7
779,1264,Книга,«Меньшее зло»,
780,1252,Книга,«Осколок льда» (упоминание),
781,1272,Игра,Ведьмак 3,
782,1275,Игра,Кровь и Вино,108
783,1230,Книга,«Кровь эльфов»,
784,1275,Игра,Кровь и Вино,752
785,1244,Книга,«Вопрос цены»,
786,1230,Книга,Ведьмак,175
787,1246,Книга,«Крещение огнём»,
788,1230,Книга,Кровная вражда,278
789,1272,Игра,Ведьмак 3,162
790,1256,Книга,«Немного жертвенности»,
791,1230,Книга,«Ведьмак: Игра Воображения»,
792,1272,Игра,Ведьмак 3,
793,1230,Книга,Ведьмак,
794,1270,Игра,Ведьмак 2,
795,1272,Игра,Ведьмак 3,
796,1270,Игра,Ведьмак 2,259
797,1230,Книга,«Ведьмак: Настольная Ролевая Игра»,
798,1244,Книга,«Вопрос цены»,
799,1272,Игра,Ведьмак 3,98
800,1272,Игра,Ведьмак 3,
801,1230,Книга,Ведьмак,66
802,1270,Игра,Ведьмак 2,
803,1273,Игра,Каменные сердца,
804,1256,Книга,«Нечто большее»,
805,1246,Книга,«Крещение огнём»,
806,1248,Книга,«Предел возможного»,
807,1275,Игра,Кровь и Вино,501
808,1270,Игра,Ведьмак 2,
809,1272,Игра,Ведьмак 3,
810,1230,Книга,«Башня Ласточки»,
811,1272,Игра,Ведьмак 3,
812,1230,Книга,«Кровь эльфов»,
813,1270,Игра,Ведьмак 2,650
814,1257,Книга,«Час презрения»,
815,1230,Книга,«Кровь эльфов»,
816,1246,Книга,«Крещение огнём»,
817,1272,Игра,Ведьмак 3,
818,1253,Книга,«Что-то кончается,
819,1230,Книга,«Ведьмак: Настольная Ролевая Игра»,
820,1272,Игра,Ведьмак 3,598
821,1272,Игра,Ведьмак 3,
822,1272,Игра,Ведьмак 3,302
823,1272,Игра,Ведьмак 3,436
824,1230,Книга,Кровная вражда,239
825,1252,Книга,«Осколок льда»,
826,1230,Книга,«Кровь эльфов»,
827,1273,Игра,Каменные сердца,
828,1230,Книга,Кровная вражда,
829,1278,Игра,Гвинт,
830,1272,Игра,Ведьмак 3,
831,1272,Игра,Ведьмак 3,17
832,1270,Игра,Ведьмак 2,49
833,1273,Игра,Каменные сердца,599
834,1275,Игра,Кровь и Вино,
835,1230,Книга,Ведьмак,631
836,1246,Книга,«Крещение огнём»,
837,1266,Книга,«Сезон Гроз»,
838,1264,Книга,«Меньшее зло»,
839,1270,Игра,Ведьмак 2,14
840,1272,Игра,Ведьмак 3,746
841,1272,Игра,Ведьмак 3,581
842,1230,Книга,Ведьмак,549
843,1275,Игра,Кровь и Вино,
844,1257,Книга,«Час презрения»,
845,1230,Книга,Кровная вражда,
846,1266,Книга,«Сезон Гроз»,
847,1249,Книга,«Крупица истины»,
848,1270,Игра,Ведьмак 2,
849,1257,Книга,«Час презрения»,
850,1230,Книга,Ведьмак,213
851,1278,Игра,Гвинт,
852,1272,Игра,Ведьмак 3,166
853,,,,
854,1254,Картинка,«Генеалогии»,
855,1260,Книга,«Владычица озера»,
856,1272,Игра,Ведьмак 3,98
857,1272,Игра,Ведьмак 3,
858,1272,Игра,Ведьмак 3,490
859,1260,Книга,«Владычица озера»,
860,1260,Книга,«Владычица озера»,
861,1272,Игра,Ведьмак 3,
862,1272,Игра,Ведьмак 3,220
863,1270,Игра,Ведьмак 2,
864,1272,Игра,Ведьмак 3,90
865,1247,Книга,«Вечный огонь»,
866,1272,Игра,Ведьмак 3,345
867,1255,Книга,«Кровь Эльфов»,
868,1244,Книга,«Глас рассудка»,
869,1270,Игра,«Ведьмак 2: Убийцы Королей»,
870,1272,Игра,Ведьмак 3,
871,1272,Игра,Ведьмак 3,456
872,1264,Книга,«Меньшее зло»,
873,1273,Игра,Каменные сердца,545
874,1272,Игра,Ведьмак 3,641
875,1230,Книга,«Ведьмак: Настольная Ролевая Игра»,
876,1230,Книга,Кровная вражда,
877,1270,Игра,Ведьмак 2,259
878,1257,Книга,«Час презрения»,
879,1270,Игра,Ведьмак 2,49
880,1252,Книга,«Осколок льда»,
881,,,,
882,1230,Книга,Книги:«Кровь эльфов»,
883,1257,Книга,«Час презрения»,
884,1260,Книга,«Владычица озера»,
885,1266,Книга,«Сезон Гроз»,
886,1259,Книга,«Башня ласточки»,
887,,,,
888,1253,Книга,Книги:«Последнее желание»,
889,1272,Игра,Ведьмак 3,98
890,1259,Книга,«Башня ласточки»,
891,1230,Книга,«Башня Ласточки»,
892,1273,Игра,Каменные сердца,
893,1272,Игра,Ведьмак 3,48
894,1256,Книга,Нечто большее,
895,1272,Игра,Ведьмак 3,202
896,1272,Игра,Ведьмак 3,110
897,1266,Книга,Сезон Гроз,
898,1272,Игра,Ведьмак 3,110
899,1272,Игра,Ведьмак 3,284
900,1272,Игра,Ведьмак 3,166
901,1272,Игра,Ведьмак 3,110
902,1272,Игра,Ведьмак 3,98
903,1272,Игра,Ведьмак 3,162
904,1272,Игра,Ведьмак 3,389
905,1272,Игра,Ведьмак 3,98
906,1272,Игра,Ведьмак 3,631
907,1272,Игра,Ведьмак 3,110
908,1278,Игра,Гвинт,15
909,1272,Игра,Ведьмак 3,98
910,1272,Игра,Ведьмак 3,
911,1254,Книга,"Меч Предназначения",
912,1260,Книга,«Владычица озера»,
913,1256,Книга,«Нечто большее»,
914,1257,Книга,«Час презрения»,
915,1259,Книга,«Башня ласточки»,
916,1272,Игра,Ведьмак 3,
917,1272,Игра,Ведьмак 3,
918,1230,Книга,«Кровь эльфов»,
919,,,,
920,1273,Игра,Каменные сердца,110
921,1230,Книга,«Ведьмак: Игра Воображения»,
922,1257,Книга,«Час презрения»,
923,1257,Книга,«Час презрения»,
924,1273,Игра,Каменные сердца,545
925,1272,Игра,Ведьмак 3,
926,1254,Картинка,«Генеалогии»,
927,1244,Книга,«Вопрос цены»,
928,,,,
929,1272,Игра,Ведьмак 3,
930,1246,Книга,«Крещение огнём»,
931,1230,Книга,Ведьмак,647
932,1275,Игра,Кровь и Вино,284
933,1264,Книга,«Меньшее зло»,
934,1230,Книга,Ведьмак,631
935,1270,Игра,Ведьмак 2,49
936,1278,Игра,«Гвинт: Ведьмак. Карточная игра»,
937,1230,Книга,Ведьмак,536
938,1259,Книга,«Башня ласточки»,
939,1272,Игра,Ведьмак 3,162
940,1272,Игра,Ведьмак 3,631
941,1272,Игра,Ведьмак 3,545
942,1272,Игра,Ведьмак 3,
943,1272,Игра,Ведьмак 3,48
944,1257,Книга,«Час презрения»,
945,1254,Картинка,«Генеалогии»,
946,1272,Игра,Ведьмак 3,162
947,1230,Книга,«Кровь эльфов»,
948,1272,Игра,Ведьмак 3,110
949,1230,Книга,Ведьмак,32
950,1272,Игра,Ведьмак 3,519
951,1230,Книга,Ведьмак,
952,1260,Книга,«Владычица озера»,
953,1259,Книга,«Башня ласточки»,
954,1264,Книга,«Меньшее зло»,
955,1259,Книга,«Башня ласточки»,
956,1272,Игра,Ведьмак 3,110
957,1272,Игра,Ведьмак 3,390
958,1230,Книга,«Ведьмак: Игра Воображения»,
959,1272,Игра,Ведьмак 3,641
960,1230,Книга,«Кровь эльфов»,
961,1272,Игра,Ведьмак 3,220
962,1230,Книга,Ведьмак,
963,1273,Игра,Каменные сердца,321
964,1257,Книга,«Час презрения»,
965,1272,Игра,Ведьмак 3,110
966,1266,Книга,«Сезон Гроз»,
967,1260,Книга,«Владычица озера»,
968,1275,Игра,Кровь и Вино,499
969,1257,Книга,«Час презрения»,
970,1273,Игра,Каменные сердца,686
971,1260,Книга,Владычица Озера,
972,1230,Книга,Ведьмак,
973,1278,Игра,Гвинт,
974,1230,Книга,Кровная вражда,71
975,1248,Книга,«Предел возможного»,
976,1254,Картинка,«Генеалогии»,
977,1272,Игра,Ведьмак 3,166
978,1259,Книга,«Дорога без возврата»,
979,1270,Игра,Ведьмак 2,663
980,1264,Книга,«Меньшее зло»,
981,1272,Игра,Ведьмак 3,456
982,1260,Книга,«Владычица Озера»,
983,1272,Игра,Ведьмак 3,17
984,1259,Книга,«Башня ласточки»,
985,1230,Книга,«Башня Ласточки»,
986,1230,Книга,Ведьмак,631
987,,,,
988,1260,Книга,«Владычица озера»,
989,1260,Книга,«Владычица Озера»,
990,1260,Книга,«Владычица озера»,
991,1272,Игра,Ведьмак 3,480
992,1257,Книга,«Час презрения»,
993,1257,Книга,«Час презрения»,
994,1254,Картинка,«Генеалогии»,
995,1254,Картинка,«Генеалогии»,
996,1272,Игра,Ведьмак 3,166
997,1273,Игра,Каменные сердца,
998,1272,Игра,Ведьмак 3,220
999,1275,Игра,Кровь и Вино,
1000,1230,Книга,«Ведьмак: Убивая чудовищ»,
1001,1230,Книга,Ведьмак,66
1002,1273,Игра,Каменные сердца,363
1003,1273,Игра,Каменные сердца,20
1004,1230,Книга,Ведьмак,32
1005,1273,Игра,Каменные сердца,110
1006,1278,Игра,Гвинт,
1007,1272,Игра,Ведьмак 3,692
1008,1272,Игра,Ведьмак 3,
1009,1272,Игра,Ведьмак 3,284
1010,1260,Книга,«Владычица Озера»,
1011,1266,Книга,Сезон Гроз,
1012,1257,Книга,«Час презрения»,
1013,1254,Книга,«Меч Предназначения»,
1014,1248,Книга,«Предел возможного»,
1015,1260,Книга,«Владычица озера»,
1016,1230,Книга,«Кровь эльфов»,
1017,1230,Книга,Кровная вражда,
1018,1275,Игра,Кровь и Вино,570
1019,1230,Книга,Башня Ласточки,
1020,1278,Игра,Гвинт,
1021,1272,Игра,Ведьмак 3,
1022,1246,Книга,Крещение огнём,
1023,1272,Игра,Ведьмак 3,
1024,1260,Книга,«Владычица озера»,
1025,1246,Книга,«Крещение огнём»,
1026,1230,Книга,Ведьмак,631
1027,1230,Книга,Башня Ласточки,
1028,1266,Книга,Сезон Гроз,
1029,1254,Картинка,«Генеалогии»,
1030,1244,Книга,«Вопрос цены»,
1031,1230,Книга,Ведьмак,
1032,1260,Книга,«Владычица озера»,
1033,1272,Игра,Ведьмак 3,110
1034,1259,Книга,«Дорога без возврата»,
1035,1272,Игра,Ведьмак 3,
1036,1275,Игра,Кровь и Вино,
1037,1252,Книга,«Осколок льда»,
1038,1230,Книга,«Ведьмак»,
1039,1250,Книга,«Край света»,
1040,1272,Игра,Ведьмак 3,302
1041,1270,Игра,Ведьмак 2,650
1042,1260,Книга,«Владычица озера»,
1043,1270,Игра,Ведьмак 2,42
1044,1257,Книга,«Час презрения»,
1045,1254,Картинка,«Генеалогии»,
1046,1272,Игра,Ведьмак 3,284
1047,1230,Книга,Ведьмак,32
1048,1278,Игра,«Гвинт: Ведьмак. Карточная игра»,
1049,1275,Игра,Кровь и Вино,
1050,1246,Книга,«Крещение огнём»,
1051,1275,Игра,Кровь и Вино,629
1052,1272,Игра,Ведьмак 3,
1053,1272,Игра,Ведьмак 3,110
1054,1250,Книга,«Край света»,
1055,1257,Книга,«Час презрения»,
1056,1272,Игра,Ведьмак 3,110
1057,1244,Книга,«Вопрос цены»,
1058,1257,Книга,Книги:«Час презрения»,
1059,1253,Книга,«Последнее желание»,
1060,1270,Игра,Ведьмак 2,483
1061,1272,Игра,Ведьмак 3,247
1062,1230,Книга,Ведьмак,213
1063,1275,Игра,Кровь и Вино,752
1064,1230,Книга,Ведьмак,664
1065,1246,Книга,«Крещение огнём»,
1066,1273,Игра,Каменные сердца,
1067,1275,Игра,Кровь и Вино,430
1068,1278,Игра,Гвинт,
1069,1248,Книга,«Предел возможного»,
1070,1266,Книга,«Сезон Гроз»,
1071,1257,Книга,«Час презрения»,
1072,1275,Игра,Кровь и Вино,430
1073,1254,Картинка,«Генеалогии»,
1074,1272,Игра,Ведьмак 3,
1075,1230,Книга,Ведьмак,647
1076,1272,Игра,Ведьмак 3,110
1077,1272,Игра,Ведьмак 3,284
1078,1230,Книга,Ведьмак,213
1079,1230,Книга,Ведьмак,647
1080,1272,Игра,Ведьмак 3,
1081,1272,Игра,Ведьмак 3,110
1082,1272,Игра,Ведьмак 3,110
1083,1272,Игра,Ведьмак 3,692
1084,1230,Книга,Ведьмак,32
1085,1272,Игра,Ведьмак 3,716
1086,1272,Игра,Ведьмак 3,23
1087,1272,Игра,Ведьмак 3,
1088,1272,Игра,Ведьмак 3,284
1089,1230,Книга,Ведьмак,65
1090,1272,Игра,Ведьмак 3,302
1091,1230,Книга,Кровная вражда,
1092,1272,Игра,Ведьмак 3,
1093,1275,Игра,Кровь и Вино,533
1094,1230,Книга,Кровная вражда,418
1095,1253,Книга,«Последнее желание»,
1096,1230,Книга,«Ведьмак: Благо народа»,
1097,1275,Игра,Кровь и Вино,7
1098,,,,
1099,1260,Книга,«Владычица озера»,
1100,1230,Книга,«Кровь эльфов»,
1101,1230,Книга,«Ведьмак: Игра Воображения»,
1102,1246,Книга,Крещение огнём,
1103,1257,Книга,«Час презрения»,
1104,1230,Книга,Кровная вражда,
1105,1230,Книга,Час Презрения,
1106,1272,Игра,Ведьмак 3,271
1107,1275,Игра,Кровь и Вино,
1108,1254,Книга,«Меч Предназначения»,
1109,1266,Книга,«Сезон Гроз»,
1110,1273,Игра,Каменные сердца,713
1111,1272,Игра,Ведьмак 3,110
1112,1272,Игра,Ведьмак 3,482
1113,1272,Игра,Ведьмак 3,
1114,1275,Игра,Кровь и Вино,552
1115,1249,Книга,«Крупица истины»,
1116,1230,Книга,Ведьмак,166
1117,1246,Книга,«Крещение огнём»,
1118,1260,Книга,«Владычица озера»,
1119,1272,Игра,Ведьмак 3,302
1120,1270,Игра,Ведьмак 2,259
1121,1272,Игра,Ведьмак 3,345
1122,1272,Игра,Ведьмак 3,110
1123,1270,Игра,Ведьмак 2,259
1124,1257,Книга,«Час презрения»,
1125,1270,Игра,Ведьмак 2,17
1126,1230,Книга,Ведьмак,414
1127,1272,Игра,Ведьмак 3,345
1128,1257,Книга,«Час презрения»,
1129,1260,Книга,«Владычица озера»,
1130,1275,Игра,Кровь и Вино,509
1131,1254,Картинка,«Генеалогии»,
1132,1264,Книга,«Меньшее зло»,
1133,1270,Игра,Ведьмак 2,415
1134,1230,Книга,«Кровь эльфов»,
1135,1272,Игра,Ведьмак 3,110
1136,1253,Книга,«Что-то кончается,
1137,1244,Книга,Маг-Отступник,
1138,1264,Книга,«Меньшее зло»,
1139,1250,Книга,«Край света»,
1140,1272,Игра,Ведьмак 3,345
1141,,,,
1142,1230,Книга,«Кровь эльфов»,
1143,1266,Книга,«Сезон Гроз»,
1144,,,,
1145,1230,Книга,Кровная вражда,
1146,1275,Игра,Кровь и Вино,659
1147,1230,Книга,Ведьмак,32
1148,1230,Книга,«Кровь эльфов»,
1149,1272,Игра,Ведьмак 3,110
1150,1230,Книга,Ведьмак,
1151,1270,Игра,Ведьмак 2,14
1152,1272,Игра,Ведьмак 3,
1153,1272,Игра,Ведьмак 3,
1154,1230,Книга,Кровная вражда,
1155,1230,Книга,Кровная вражда,
1156,1230,Книга,Кровная вражда,
1157,1260,Книга,«Владычица озера»,
1158,1230,Книга,Ведьмак,
1159,1275,Игра,Кровь и Вино,469
1160,1272,Игра,Ведьмак 3,110
1161,1230,Книга,Ведьмак,32
1162,1256,Книга,«Нечто большее»,
1163,1272,Игра,Ведьмак 3,166
1164,1272,Игра,Ведьмак 3,
1165,1272,Игра,Ведьмак 3,166
1166,1275,Игра,Кровь и Вино,87
1167,1275,Игра,Кровь и Вино,
1168,1270,Игра,Ведьмак 2,14
1169,1272,Игра,Ведьмак 3,284
1170,1246,Книга,«Крещение огнём»,
1171,1272,Игра,Ведьмак 3,230
1172,1244,Книга,«Глас рассудка»,
1173,1272,Игра,Ведьмак 3,390
1174,1272,Игра,Ведьмак 3,345
1175,1272,Игра,Ведьмак 3,110
1176,1272,Игра,Ведьмак 3,345
1177,1230,Книга,Кровная вражда,432
1178,1270,Игра,Ведьмак 2,42
1179,1272,Игра,Ведьмак 3,
1180,1272,Игра,Ведьмак 3,284
1181,1273,Игра,Каменные сердца,
1182,1275,Игра,Кровь и Вино,
1183,1278,Игра,Гвинт,
1184,1272,Игра,Ведьмак 3,490
1185,1254,Книга,«Меч Предназначения»,
1186,1266,Книга,Сезон Гроз,
1187,1272,Игра,Ведьмак 3,230
1188,1272,Игра,Ведьмак 3,
1189,1275,Игра,Кровь и Вино,98
1190,1273,Игра,Каменные сердца,
1191,1260,Книга,«Владычица озера»,
1192,,,,
1193,1250,Книга,«Край света»,
1194,1272,Игра,Ведьмак 3,188
1195,1272,Игра,Ведьмак 3,110
1196,1230,Книга,Час Презрения,
1197,1230,Книга,«Кровь эльфов»,
1198,1247,Книга,«Вечный огонь»,
1199,1273,Игра,Каменные сердца,250
1200,1275,Игра,Кровь и Вино,
1201,1270,Игра,Ведьмак 2,259
1202,1270,Игра,Ведьмак 2,259
1203,1272,Игра,Ведьмак 3,699
1204,1275,Игра,Кровь и Вино,7
1205,1275,Игра,Кровь и Вино,662
1206,1275,Игра,Кровь и Вино,7
1207,1270,Игра,Ведьмак 2,415
1208,1278,Игра,Гвинт,
1209,1275,Игра,Кровь и Вино,499
1210,1278,Игра,Гвинт,
1211,1230,Книга,«Башня Ласточки»,
1212,1266,Книга,Сезон Гроз,
1213,1272,Игра,Ведьмак 3,
1214,1278,Игра,Гвинт,
1215,1272,Игра,Ведьмак 3,641
1216,1275,Игра,Кровь и Вино,255
1217,1230,Книга,Книги:«Сезон Гроз»Игры:«Каменные сердца»,
1218,1260,Книга,«Владычица озера»,
1219,1270,Игра,Ведьмак 2,
1220,1257,Книга,«Час презрения»,
1221,1270,Игра,Ведьмак 2,692
1222,1260,Книга,«Владычица озера»,
1223,1230,Книга,Ведьмак,267
1224,1278,Игра,Гвинт,
1225,1259,Книга,«Дорога без возврата»,
1226,1257,Книга,«Час презрения»,
1227,1270,Игра,Ведьмак 2,49
1228,1270,Игра,Ведьмак 2,259
1229,1272,Игра,Ведьмак 3,213
1230,1272,Игра,Ведьмак 3,98
1231,1230,Книга,«Ведьмак: Из плоти и пламени»,
1232,1272,Игра,Ведьмак 3,739
1233,1272,Игра,Ведьмак 3,110
1234,1257,Книга,«Час презрения»,
1235,1275,Игра,Кровь и Вино,87
1236,1257,Книга,«Час презрения»,
1237,1230,Книга,«Башня Ласточки»,
1238,1275,Игра,Кровь и Вино,25
1239,1270,Игра,Ведьмак 2,545
1240,1272,Игра,Ведьмак 3,364
1241,1264,Книга,«Меньшее зло»,
1242,,,,
1243,1254,Картинка,«Генеалогии»,
1244,1272,Игра,Ведьмак 3,490
1245,1254,Картинка,«Генеалогии»,
1246,1270,Игра,«Ведьмак 2: Убийцы Королей»,
1247,1270,Игра,Ведьмак 2,14
1248,1254,Книга,«Меч Предназначения»,
1249,1275,Игра,Кровь и Вино,500
1250,1230,Книга,Ведьмак,
1251,1230,Книга,«Ведьмак: Благо народа»,
1252,1257,Книга,«Час презрения»,
1253,1272,Игра,Ведьмак 3,
1254,1230,Книга,«Башня Ласточки»,
1255,1230,Книга,«Кровь эльфов»,
1256,1230,Книга,«Кровь эльфов»,
1257,1254,Картинка,«Генеалогии»,
1258,1272,Игра,Ведьмак 3,
1259,1272,Игра,Ведьмак 3,
1260,1230,Книга,Ведьмак,
1261,1260,Книга,«Владычица озера»,
1262,1272,Игра,Ведьмак 3,6
1263,1275,Игра,Кровь и Вино,441
1264,1230,Книга,«Ведьмак: Дом витражей»,
1265,1266,Книга,«Сезон Гроз»,
1266,,,,
1267,1272,Игра,Ведьмак 3,552
1268,1275,Игра,Кровь и Вино,10
1269,1275,Игра,Кровь и Вино,271
1270,1256,Книга,«Немного жертвенности»,
1271,1230,Книга,Ведьмак,631
1272,1275,Игра,Кровь и Вино,495
1273,1272,Игра,Ведьмак 3,631
1274,1272,Игра,Ведьмак 3,331
1275,1273,Игра,Каменные сердца,51
1276,1243,Книга,Охотник на чудовищ,
1277,1233,Книга,«Когти и клыки»,
1278,1278,Игра,Гвинт,
1279,1272,Игра,Ведьмак 3,456
1280,1275,Игра,Кровь и Вино,509
1281,1259,Книга,«Башня ласточки»,
1282,1270,Игра,Ведьмак 2,
1283,1272,Игра,Ведьмак 3,110
1284,1278,Игра,Гвинт,
1285,1272,Игра,Ведьмак 3,220
1286,1260,Книга,«Владычица Озера»,
1287,1273,Игра,Каменные сердца,403
1288,1244,Книга,«Угрызения совести»,
1289,1272,Игра,Ведьмак 3,
1290,1270,Игра,Ведьмак 2,49
1291,1230,Книга,Кровная вражда,
1292,1230,Книга,«Ведьмак»,
1293,1272,Игра,Ведьмак 3,250
1294,1230,Книга,Ведьмак,535
1295,1270,Игра,Ведьмак 2,220
1296,1278,Игра,Гвинт,
1297,1230,Книга,Ведьмак,166
1298,1272,Игра,Ведьмак 3,106
1299,1273,Игра,Каменные сердца,451
1300,1275,Игра,Кровь и Вино,
1301,1230,Книга,Ведьмак,321
1302,1256,Книга,«Немного жертвенности»,
1303,1275,Игра,Кровь и Вино,662
1304,1272,Игра,Ведьмак 3,
1305,1272,Игра,Ведьмак 3,345
1306,1272,Игра,Ведьмак 3,247
1307,1278,Игра,Гвинт,
1308,1278,Игра,Гвинт,
1309,1266,Книга,«Сезон Гроз»,
1310,1246,Книга,«Крещение огнём»,
1311,1272,Игра,Ведьмак 3,687
1312,1272,Игра,Ведьмак 3,373
1313,1273,Игра,Каменные сердца,248
1314,1278,Игра,Гвинт,
1315,1230,Книга,Ведьмак,213
1316,1259,Книга,"Дорога без возврата (книга)",
1317,1272,Игра,Ведьмак 3,110
1318,1257,Книга,Книги:«Час презрения»Игры:«Ведьмак»,
1319,1278,Игра,Гвинт,
1320,1246,Книга,«Крещение огнём»,
1321,1230,Книга,Ведьмак,631
1322,1230,Книга,Кровная вражда,
1323,1272,Игра,Ведьмак 3,110
1324,1254,Картинка,«Генеалогии»,
1325,1260,Книга,«Владычица озера»,
1326,1246,Книга,«Крещение огнём»,
1327,1273,Игра,Каменные сердца,
1328,1260,Книга,«Владычица озера»,
1329,1259,Книга,«Башня ласточки»,
1330,1272,Игра,Ведьмак 3,
1331,1248,Книга,«Предел возможного» (комикс),
1332,1248,Книга,«Предел возможного»,
1333,1272,Игра,Ведьмак 3,220
1334,1230,Книга,Ведьмак,34
1335,1270,Игра,Ведьмак 2,259
1336,1230,Книга,«Кровь эльфов»,
1337,1278,Игра,Гвинт,
1338,1257,Книга,«Час презрения»,
1339,1230,Книга,Ведьмак,414
1340,1275,Игра,Кровь и Вино,443
1341,1256,Книга,«Немного жертвенности»,
1342,1272,Игра,Ведьмак 3,
1343,1275,Игра,Кровь и Вино,230
1344,1259,Книга,«Башня ласточки»,
1345,1230,Книга,Ведьмак,32
1346,1230,Книга,Ведьмак,32
1347,1272,Игра,Ведьмак 3,110
1348,1270,Игра,Ведьмак 2,14
1349,,,,
1350,1272,Игра,Ведьмак 3,
1351,1266,Книга,Сезон Гроз,
1352,1272,Игра,Ведьмак 3,490
1353,1272,Игра,Ведьмак 3,495
1354,1257,Книга,«Час презрения»,
1355,1272,Игра,Ведьмак 3,
1356,1272,Игра,«Ведьмак 3: Дикая Охота»,
1357,1275,Игра,Кровь и Вино,533
1358,1272,Игра,Ведьмак 3,23
1359,1230,Книга,Ведьмак,549
1360,1278,Игра,«Гвинт: Ведьмак. Карточная игра»,
1361,1270,Игра,Ведьмак 2,545
1362,1272,Игра,Ведьмак 3,490
1363,1272,Игра,Ведьмак 3,
1364,1246,Книга,«Крещение огнём»,
1365,1272,Игра,Ведьмак 3,
1366,1246,Книга,«Крещение огнём»,
1367,1230,Книга,Кровная вражда,527
1368,1272,Игра,Ведьмак 3,
1369,1230,Книга,«Кровь эльфов»,
1370,1272,Игра,Ведьмак 3,345
1371,1244,Книга,«Вопрос цены»,
1372,,,,
1373,1230,Книга,«Кровь эльфов»,
1374,1260,Книга,«Владычица озера»,
1375,1230,Книга,«Кровь эльфов»,
1376,1230,Книга,«Ведьмак: Игра Воображения»,
1377,1230,Книга,«Ведьмак: Убивая чудовищ»,
1378,1259,Книга,«Башня ласточки»,
1379,1272,Игра,Ведьмак 3,
1380,1230,Книга,Книги:«Крещение огнём»Игры:«Ведьмак 3: Дикая Охота»,
1381,1278,Игра,Гвинт,
1382,1230,Книга,Ведьмак,81
1383,1230,Книга,Ведьмак,66
1384,1260,Книга,«Владычица озера»,
1385,1257,Книга,«Час презрения»,
1386,1250,Книга,«Край света»,
1387,1272,Игра,Ведьмак 3,448
1388,1273,Игра,Каменные сердца,110
1389,1272,Игра,Ведьмак 3,722
1390,1230,Книга,Ведьмак,34
1391,1278,Игра,Гвинт,
1392,1253,Книга,«Последнее желание»,
1393,1275,Игра,Кровь и Вино,499
1394,1248,Книга,«Предел возможного»,
1395,1244,Книга,«Вопрос цены»,
1396,1275,Игра,Кровь и Вино,339
1397,1272,Игра,Ведьмак 3,110
1398,1272,Игра,Ведьмак 3,345
1399,1230,Книга,«Башня Ласточки»,
1400,1230,Книга,«Ведьмак: Из плоти и пламени»,
1401,1275,Игра,Кровь и Вино,
1402,1249,Книга,«Крупица истины»,
1403,1272,Игра,Ведьмак 3,631
1404,1260,Книга,Владычица Озера,
1405,1266,Книга,«Сезон Гроз»,
1406,1259,Книга,«Башня ласточки»,
1407,1230,Книга,Кровная вражда,
1408,,,,
1409,1260,Книга,«Владычица озера»,
1410,1273,Игра,Каменные сердца,625
1411,1272,Игра,Ведьмак 3,250
1412,1272,Игра,Ведьмак 3,605
1413,1272,Игра,Ведьмак 3,321
1414,1264,Книга,«Меньшее зло»,
1415,1246,Книга,«Крещение огнём»,
1416,1257,Книга,«Час презрения»,
1417,1257,Книга,«Час презрения»,
1418,1266,Книга,«Сезон Гроз»,
1419,1230,Книга,Ведьмак,
1420,1272,Игра,Ведьмак 3,191
1421,1230,Книга,Ведьмак,
1422,1257,Книга,«Час презрения»,
1423,1272,Игра,Ведьмак 3,48
1424,1278,Игра,Гвинт,
1425,1248,Книга,«Предел возможного»,
1426,1230,Книга,Башня Ласточки,
1427,,,,
1428,1264,Книга,«Меньшее зло»,
1429,1273,Игра,Каменные сердца,248
1430,,,,
1431,1273,Игра,Каменные сердца,250
1432,1273,Игра,Каменные сердца,
1433,1270,Игра,Ведьмак 2,321
1434,1230,Книга,Ведьмак,
1435,1272,Игра,Ведьмак 3,
1436,1264,Книга,«Меньшее зло»,
1437,1272,Игра,Ведьмак 3,511
1438,1272,Игра,Ведьмак 3,687
1439,1244,Книга,«Глас рассудка»,
1440,1270,Игра,Ведьмак 2,415
1441,1260,Книга,«Владычица озера»,
1442,1230,Книга,Кровная вражда,
1443,1230,Книга,«Ведьмак: Благо народа»,
1444,1270,Игра,Ведьмак 2,
1445,1246,Книга,Крещение огнём,
1446,1272,Игра,Ведьмак 3,48
1447,1270,Игра,Ведьмак 2,220
1448,1260,Книга,«Владычица озера»,
1449,1275,Игра,Кровь и Вино,81
1450,1275,Игра,Кровь и Вино,98
1451,1275,Игра,Кровь и Вино,
1452,1230,Книга,Ведьмак,213
1453,1272,Игра,Ведьмак 3,345
1454,1270,Игра,Ведьмак 2,259
1455,1272,Игра,Ведьмак 3,110
1456,1257,Книга,«Час презрения»,
1457,1230,Книга,Кровная вражда,
1458,1248,Книга,«Предел возможного»,
1459,1278,Игра,Гвинт,
1460,1260,Книга,«Владычица озера»,
1461,1272,Игра,Ведьмак 3,166
1462,1272,Игра,Ведьмак 3,271
1463,1254,Картинка,«Генеалогии»,
1464,1230,Книга,«Ведьмак: Настольная Ролевая Игра»,
1465,1272,Игра,Ведьмак 3,
1466,1272,Игра,Ведьмак 3,284
1467,1275,Игра,Кровь и Вино,
1468,1259,Книга,«Башня ласточки»,
1469,1272,Игра,Ведьмак 3,110
1470,1272,Игра,Ведьмак 3,
1471,1272,Игра,Ведьмак 3,
1472,1273,Игра,Каменные сердца,257
1473,1230,Книга,«Кровь эльфов»,
1474,1270,Игра,Ведьмак 2,483
1475,1247,Книга,«Вечный огонь»,
1476,1266,Книга,«Сезон гроз»,
1477,1273,Игра,Каменные сердца,686
1478,1270,Игра,Ведьмак 2,
1479,1230,Книга,Ведьмак,347
1480,1260,Книга,"Владычица Озера",
1481,1230,Книга,Книги:«Кровь эльфов»,
1482,1275,Игра,Кровь и Вино,55
1483,1246,Книга,Крещение огнём,
1484,1257,Книга,«Час презрения»,
1485,1273,Игра,Каменные сердца,
1486,1272,Игра,Ведьмак 3,668
1487,1266,Книга,«Сезон Гроз»,
1488,1230,Книга,Ведьмак,65
1489,1230,Книга,Ведьмак,32
1490,1272,Игра,Ведьмак 3,220
1491,1266,Книга,«Сезон Гроз»,
1492,1230,Книга,Кровная вражда,
1493,1230,Книга,«Ведьмак»,
1494,1275,Игра,Кровь и Вино,
1495,1230,Книга,Ведьмак,664
1496,1275,Игра,Кровь и Вино,629
1497,1272,Игра,Ведьмак 3,
1498,1272,Игра,Ведьмак 3,710
1499,1272,Игра,Ведьмак 3,699
1500,1266,Книга,Сезон Гроз,
1501,1254,Картинка,«Генеалогии»,
1502,1230,Книга,Ведьмак,104
1503,1230,Книга,Ведьмак,17
1504,1278,Игра,Гвинт,
1505,1230,Книга,Ведьмак,631
1506,1278,Игра,Гвинт,
1507,1272,Игра,Ведьмак 3,122
1508,1275,Игра,Кровь и Вино,533
1509,1260,Книга,«Владычица озера»,
1510,1272,Игра,Ведьмак 3,230
1511,1272,Игра,Ведьмак 3,
1512,1272,Игра,Ведьмак 3,
1513,1244,Книга,«Вопрос цены»,
1514,1278,Игра,Гвинт,
1515,1272,Игра,Ведьмак 3,687
1516,1259,Книга,«Башня ласточки»,
1517,1266,Книга,«Сезон Гроз»,
1518,1230,Книга,Кровная вражда,
1519,1266,Книга,"Сезон Гроз",
1520,1230,Книга,Ведьмак,
1521,1230,Книга,Ведьмак,647
1522,1230,Книга,Ведьмак,536
1523,1272,Игра,Ведьмак 3,499
1524,1230,Книга,Ведьмак,631
1525,1272,Игра,Ведьмак 3,
1526,1275,Игра,Кровь и Вино,
1527,1272,Игра,Ведьмак 3,490
1528,1230,Книга,«Кровь эльфов»,
1529,1275,Игра,Кровь и Вино,245
1530,1266,Книга,«Сезон Гроз»,
1531,1272,Игра,Ведьмак 3,191
1532,1230,Книга,Ведьмак,530
1533,1275,Игра,Кровь и Вино,
1534,1272,Игра,Ведьмак 3,
1535,1230,Книга,Башня Ласточки,
1536,1252,Книга,«Осколок льда»,
1537,1275,Игра,Кровь и Вино,659
1538,1246,Книга,«Крещение огнём»,
1539,,,,
1540,1272,Игра,Ведьмак 3,345
1541,1273,Игра,Каменные сердца,200
1542,1272,Игра,Ведьмак 3,
1543,1272,Игра,Ведьмак 3,331
1544,1257,Книга,«Час презрения»,
1545,1230,Книга,Ведьмак,
1546,1266,Книга,Сезон Гроз,
1547,1272,Игра,Ведьмак 3,98
1548,1260,Книга,«Владычица озера»,
1549,1257,Книга,«Час презрения»,
1550,1259,Книга,«Башня ласточки»,
1551,1275,Игра,Кровь и Вино,524
1552,1266,Книга,Сезон Гроз,
1553,1275,Игра,Кровь и Вино,659
1554,1272,Игра,Ведьмак 3,448
1555,1275,Игра,Кровь и Вино,
1556,1275,Игра,Кровь и Вино,
1557,1266,Книга,«Сезон Гроз»,
1558,1230,Книга,Ведьмак,321
1559,1244,Книга,Вопрос цены,
1560,1256,Книга,«Нечто большее»,
1561,1270,Игра,Ведьмак 2,321
1562,1257,Книга,«Час презрения»,
1563,1272,Игра,Ведьмак 3,162
1564,1230,Книга,Ведьмак,267
1565,1275,Игра,Кровь и Вино,500
1566,1272,Игра,Ведьмак 3,98
1567,1230,Книга,«Ведьмак: Игра Воображения»,
1568,1270,Игра,Ведьмак 2,
1569,1246,Книга,Крещение огнем,
1570,1230,Книга,«Башня Ласточки»,
1571,1275,Игра,Кровь и Вино,10
1572,1272,Игра,Ведьмак 3,105
1573,1230,Книга,Ведьмак,213
1574,1272,Игра,Ведьмак 3,98
1575,1272,Игра,Ведьмак 3,257
1576,1230,Книга,Ведьмак,552
1577,1270,Игра,Ведьмак 2,602
1578,1272,Игра,Ведьмак 3,
1579,1249,Книга,«Крупица истины»,
1580,1272,Игра,Ведьмак 3,482
1581,1260,Книга,«Владычица Озера»,
1582,1272,Игра,Ведьмак 3,162
1583,1270,Игра,Ведьмак 2,36
1584,1270,Игра,Ведьмак 2,259
1585,1273,Игра,Каменные сердца,250
1586,1272,Игра,Ведьмак 3,575
1587,1253,Книга,Книги:«Последнее желание»,
1588,1266,Книга,Сезон Гроз,
1589,1230,Книга,Ведьмак,166
1590,1266,Книга,«Сезон Гроз»,
1591,1260,Книга,"Владычица Озера",
1592,1272,Игра,Ведьмак 3,302
1593,1266,Книга,Сезон Гроз,
1594,1272,Игра,Ведьмак 3,
1595,1260,Книга,«Владычица озера»,
1596,1256,Книга,«Немного жертвенности»,
1597,1275,Игра,Кровь и Вино,498
1598,1272,Игра,Ведьмак 3,250
1599,1273,Игра,Каменные сердца,284
1600,1244,Книга,«Вопрос цены»,
1601,,,,
1602,1270,Игра,Ведьмак 2,14
1603,1272,Игра,Ведьмак 3,631
1604,1230,Книга,«Кровная вражда: Ведьмак. Истории»,
1605,1252,Книга,«Осколок льда»,
1606,1230,Книга,«Ведьмак: Из плоти и пламени»,
1607,1259,Книга,«Дорога без возврата»,
1608,1230,Книга,«Кровь эльфов»,
1609,1272,Игра,Ведьмак 3,220
1610,1257,Книга,Книги:«Час презрения»Игры:«Ведьмак 3: Дикая Охота»,
1611,1230,Книга,«Кровь эльфов»,
1612,1254,Картинка,«Генеалогии»,
1613,1230,Книга,«Кровь эльфов»,
1614,1272,Игра,«Ведьмак 3: Дикая Охота»,
1615,1260,Книга,«Владычица озера»,
1616,1230,Комикс,«Предательство»,
1617,1273,Игра,Каменные сердца,535
1618,1230,Книга,Ведьмак,321
1619,1244,Книга,«Вопрос цены»,
1620,1230,Книга,«Кровь эльфов»,
1621,1259,Книга,«Башня ласточки»,
1622,1270,Игра,Ведьмак 2,415
1623,1257,Книга,«Час презрения»,
1624,1230,Книга,Ведьмак,664
1625,1275,Игра,Кровь и Вино,
1626,1230,Книга,Ведьмак,
1627,1275,Игра,Кровь и Вино,
1628,1275,Игра,Кровь и Вино,382
1629,1260,Книга,«Владычица озера»,
1630,1254,Картинка,«Генеалогии»,
1631,1272,Игра,Ведьмак 3,389
1632,1257,Книга,«Час презрения»,
1633,1272,Игра,Ведьмак 3,
1634,1273,Игра,Каменные сердца,
1635,1275,Игра,Кровь и Вино,440
1636,1257,Книга,Книги:«Час презрения»Игры:«Ведьмак 2: Убийцы Королей»,
1637,1248,Книга,«Предел возможного»,
1638,1230,Книга,Книги: «Кровь эльфов»Игры: «Кровная вражда: Ведьмак. Истории»,
1639,1257,Книга,«Час презрения»,
1640,1275,Игра,Кровь и Вино,7
1641,1257,Книга,«Час презрения»,
1642,1230,Книга,Ведьмак,175
1643,1246,Книга,«Крещение огнём»,
1644,1230,Книга,«Башня Ласточки»,
1645,,,,
1646,1272,Игра,Ведьмак 3,230
1647,1257,Книга,«Час презрения»,
1648,1230,Книга,Ведьмак,248
1649,1230,Комикс,«Предательство»,
1650,1270,Игра,Ведьмак 2,14
1651,1264,Книга,«Меньшее зло»,
1652,,,,
1653,1260,Книга,«Владычица озера»,
1654,1260,Книга,«Владычица озера»,
1655,1246,Книга,«Крещение огнём»,
1656,1270,Игра,Ведьмак 2,42
1657,1230,Книга,Ведьмак,664
1658,1254,Картинка,«Генеалогии»,
1659,1230,Книга,«Кровь эльфов»,
1660,1272,Игра,Ведьмак 3,244
1661,1278,Игра,Гвинт,
1662,1246,Книга,«Крещение огнём»,
1663,1230,Книга,«Ведьмак: Настольная Ролевая Игра»,
1664,1259,Книга,«Башня ласточки»,
1665,1230,Книга,Ведьмак,631
1666,1266,Книга,Сезон Гроз,
1667,1230,Книга,«Кровь эльфов»,
1668,1260,Книга,«Владычица озера»,
1669,1230,Книга,Ведьмак,
1670,1254,Картинка,«Генеалогии»,
1671,1246,Книга,«Крещение огнём»,
1672,1272,Игра,Ведьмак 3,
1673,1260,Книга,«Владычица озера»,
1674,1260,Книга,Владычица Озера,
1675,1230,Книга,Ведьмак,
1676,1270,Игра,Ведьмак 2,
1677,1272,Игра,Ведьмак 3,
1678,1230,Книга,Ведьмак,631
1679,,,,
1680,1275,Игра,Кровь и Вино,533
1681,1246,Книга,«Крещение огнём»,
1682,1272,Игра,Настольная Ролевая Игра,
1683,1275,Игра,Кровь и Вино,
1684,1272,Игра,Ведьмак 3,545
1685,1275,Игра,Кровь и Вино,7
1686,1230,Книга,Ведьмак,65
1687,1260,Книга,«Владычица озера»,
1688,1244,Книга,«Лисьи дети»,
1689,1230,Книга,Ведьмак,321
1690,1275,Игра,Кровь и Вино,430
1691,1272,Игра,Ведьмак 3,
1692,1272,Игра,Ведьмак 3,490
1693,1275,Игра,Кровь и Вино,412
1694,1272,Игра,Ведьмак 3,48
1695,1266,Книга,«Сезон Гроз»,
1696,1272,Игра,Ведьмак 3,495
1697,1272,Игра,Ведьмак 3,230
1698,1272,Игра,Ведьмак 3,211
1699,1230,Книга,«Ведьмак: Убивая чудовищ»,
1700,1257,Книга,«Час презрения»,
1701,1230,Книга,Ведьмак,
1702,1272,Игра,Ведьмак 3,184
1703,1260,Книга,Владычица Озера,
1704,1249,Книга,«Крупица истины»,
1705,1244,Книга,«Вопрос цены»,
1706,1275,Игра,Кровь и Вино,629
1707,1254,Книга,Книги:«Меч Предназначения»,
1708,1270,Игра,Ведьмак 2,341
1709,1259,Книга,«Башня ласточки»,
1710,1272,Игра,Ведьмак 3,213
1711,1230,Книга,Ведьмак,647
1712,1272,Игра,Ведьмак 3,110
1713,1247,Книга,«Вечный огонь»,
1714,1272,Игра,Ведьмак 3,495
1715,1257,Книга,«Час презрения»,
1716,,,,
1717,1230,Книга,Ведьмак,166
1718,1230,Книга,Ведьмак,66
1719,1272,Игра,Ведьмак 3,
1720,1270,Игра,Ведьмак 2,415
1721,1230,Книга,«Ведьмак: Игра Воображения»,
1722,1278,Игра,Гвинт,
1723,1266,Книга,«Сезон Гроз»,
1724,1230,Книга,Ведьмак,32
1725,1254,Картинка,«Генеалогии»,
1726,1272,Игра,Ведьмак 3,184
1727,1270,Игра,Ведьмак 2,49
1728,1230,Книга,«Ведьмак: Игра Воображения»,
1729,1278,Игра,Гвинт,
1730,1278,Игра,Гвинт,
1731,1272,Игра,Ведьмак 3,110
1732,1272,Игра,Ведьмак 3,166
1733,1270,Игра,Ведьмак 2,259
1734,1272,Игра,Ведьмак 3,110
1735,1259,Книга,«Башня ласточки»,
1736,1272,Игра,Ведьмак 3,110
1737,1272,Игра,Ведьмак 3,110
1738,1257,Книга,«Час презрения»,
1739,1230,Книга,Ведьмак,
1740,1230,Книга,Ведьмак,
1741,1260,Книга,«Владычица озера»,
1742,1272,Игра,Ведьмак 3,110
1743,1230,Книга,«Ведьмак»,
1744,1270,Игра,Ведьмак 2,36
1745,1270,Игра,Ведьмак 2,36
1746,1272,Игра,Ведьмак 3,
1747,1254,Картинка,«Генеалогии»,
1748,1230,Книга,Ведьмак,530
1749,1275,Игра,Кровь и Вино,25
1750,1230,Книга,«Ведьмак: Из плоти и пламени»,
1751,1230,Книга,Ведьмак,32
1752,1275,Игра,Кровь и Вино,
1753,1246,Книга,«Крещение огнём»,
1754,1272,Игра,Ведьмак 3,220
1755,1230,Книга,Ведьмак,
1756,1230,Книга,Кровная вражда,507
1757,1230,Книга,«Ведьмак: Благо народа»,
1758,1275,Игра,Кровь и Вино,55
1759,1270,Игра,Ведьмак 2,49
1760,1272,Игра,Ведьмак 3,110
1761,1260,Книга,«Владычица озера»,
1762,1278,Игра,Гвинт,
1763,1272,Игра,Ведьмак 3,
1764,1272,Игра,Ведьмак 3,
1765,1230,Книга,«Кровь эльфов»,
1766,1259,Книга,«Башня ласточки»,
1767,1272,Игра,Ведьмак 3,110
1768,1270,Игра,Ведьмак 2,
1769,1264,Книга,«Меньшее зло»,
1770,1272,Игра,Ведьмак 3,191
1771,1246,Книга,«Крещение огнём»,
1772,1275,Игра,Кровь и Вино,533
1773,1278,Игра,Гвинт,
1774,1272,Игра,Ведьмак 3,166
1775,1272,Игра,Ведьмак 3,98
1776,1230,Книга,Ведьмак,176
1777,1273,Игра,Каменные сердца,248
1778,1254,Книга,«Меч Предназначения»,
1779,1270,Игра,Ведьмак 2,49
1780,1254,Картинка,«Генеалогии»,
1781,1278,Игра,Гвинт,
1782,1257,Книга,«Час презрения»,
1783,1275,Игра,Кровь и Вино,698
1784,1278,Игра,Гвинт,
1785,1272,Игра,Ведьмак 3,
1786,1272,Игра,Ведьмак 3,710
1787,1272,Игра,Ведьмак 3,
1788,1272,Игра,Ведьмак 3,
1789,1230,Книга,«Ведьмак: Игра Воображения»,
1790,1244,Книга,Вопрос цены,
1791,1272,Игра,Ведьмак 3,
1792,1230,Книга,Ведьмак,34
1793,1272,Игра,Ведьмак 3,48
1794,1272,Игра,Ведьмак 3,
1795,1230,Книга,Ведьмак,647
1796,1275,Игра,Кровь и Вино,533
1797,1266,Книга,«Сезон Гроз»,
1798,1264,Книга,«Меньшее зло»,
1799,1272,Игра,Ведьмак 3,162
1800,1230,Книга,Кровная вражда,
1801,1259,Книга,«Башня ласточки»,
1802,1259,Книга,«Башня ласточки»,
1803,1257,Книга,«Час презрения»,
1804,1272,Игра,Ведьмак 3,
1805,1230,Книга,Кровная вражда,
1806,1260,Книга,«Владычица озера»,
1807,1272,Игра,Ведьмак 3,110
1808,1272,Игра,Ведьмак 3,110
1809,1259,Книга,«Башня ласточки»,
1810,1230,Книга,Ведьмак,549
1811,1230,Книга,Ведьмак,110
1812,1272,Игра,Ведьмак 3,98
1813,1257,Книга,«Час презрения»,
1814,1270,Игра,Ведьмак 2,49
1815,1257,Книга,«Час презрения»,
1816,1273,Игра,Каменные сердца,
1817,1259,Книга,«Башня ласточки»,
1818,1272,Игра,Ведьмак 3,
1819,1259,Книга,«Башня ласточки»,
1820,1230,Книга,Кровная вражда,507
1821,1270,Игра,Ведьмак 2,314
1822,1230,Книга,«Кровь эльфов»,
1823,,,,
1824,1264,Книга,«Меньшее зло»,
1825,1272,Игра,Ведьмак 3,364
1826,1230,Книга,«Ведьмак: Игра Воображения»,
1827,1266,Книга,Сезон Гроз,
1828,1272,Игра,Ведьмак 3,
1829,1260,Книга,«Владычица озера»,
1830,1270,Игра,Ведьмак 2,
1831,1272,Игра,Ведьмак 3,631
1832,1256,Книга,«Нечто большее»,
1833,1247,Книга,"Вечный огонь",
1834,1252,Книга,«Осколок льда»,
1835,,,,
1836,1272,Игра,Ведьмак 3,232
1837,1230,Книга,«Ведьмак: Игра Воображения»,
1838,1230,Книга,Ведьмак,530
1839,1272,Игра,Ведьмак 3,495
1840,1230,Книга,Кровная вражда,161
1841,1253,Книга,«Что-то кончается,
1842,1273,Игра,Каменные сердца,
1843,1272,Игра,Ведьмак 3,
1844,1230,Книга,«Ведьмак: Настольная Ролевая Игра»,
1845,1272,Игра,Ведьмак 3,321
1846,1264,Книга,«Меньшее зло»,
1847,1275,Игра,Кровь и Вино,10
1848,1275,Игра,Кровь и Вино,499
1849,1270,Игра,Ведьмак 2,42
1850,1230,Книга,Ведьмак,32
1851,1233,Книга,«Дом витражей»,
1852,1230,Книга,«Ведьмак: Настольная Ролевая Игра»,
1853,1272,Игра,Ведьмак 3,250
1854,1257,Книга,«Час презрения»,
1855,1259,Книга,Книги:«Башня Ласточки»,
1856,1272,Игра,Ведьмак 3,284
1857,1266,Книга,«Сезон Гроз»,
1858,1230,Книга,«Ведьмак: Игра Воображения»,
1859,1266,Книга,Сезон Гроз,
1860,1254,Картинка,Генеалогии,
1861,1254,Картинка,«Генеалогии»,
1862,1230,Книга,Кровная вражда,
1863,1230,Книга,«Ведьмак: Проклятье воронов»,
1864,1256,Книга,«Немного жертвенности»,
1865,1272,Игра,Ведьмак 3,213
1866,1260,Книга,«Владычица озера»,
1867,1247,Книга,«Вечный огонь»,
1868,1270,Игра,Ведьмак 2,
1869,1270,Игра,Ведьмак 2,
1870,1260,Книга,«Владычица озера»,
1871,1230,Книга,Ведьмак,
1872,1230,Книга,«Башня Ласточки»,
1873,1272,Игра,Ведьмак 3,448
1874,1272,Игра,Ведьмак 3,110
1875,1272,Игра,Ведьмак 3,
1876,1278,Игра,Гвинт,
1877,1244,Книга,«Глас рассудка»,
1878,,,,
1879,1230,Книга,«Кровь эльфов»,
1880,1272,Игра,Ведьмак 3,48
1881,1270,Игра,Ведьмак 2,49
1882,1275,Игра,Кровь и Вино,470
1883,1266,Книга,«Сезон Гроз»,
1884,1230,Комикс,«Предательство»,
1885,1230,Книга,Кровная вражда,718
1886,1230,Книга,Ведьмак,530
1887,1230,Книга,Кровная вражда,
1888,1272,Игра,Ведьмак 3,
1889,1230,Книга,Ведьмак,631
1890,1273,Игра,Каменные сердца,209
1891,1275,Игра,Кровь и Вино,
1892,1272,Игра,Ведьмак 3,48
1893,1272,Игра,Ведьмак 3,345
1894,1266,Книга,«Сезон Гроз»,
1895,1259,Книга,«Дорога без возврата»,
1896,1272,Игра,Ведьмак 3,
1897,1270,Игра,Ведьмак 2,49
1898,1272,Игра,Ведьмак 3,300
1899,1270,Игра,Ведьмак 2,259
1900,1272,Игра,Ведьмак 3,110
1901,1250,Книга,«Край света»,
1902,1272,Игра,Ведьмак 3,110
1903,1275,Игра,Кровь и Вино,
1904,1272,Игра,Ведьмак 3,
1905,1259,Книга,«Башня ласточки»,
1906,1250,Книга,«Край света»,
1907,1272,Игра,Ведьмак 3,345
1908,1272,Игра,Ведьмак 3,345
1909,1230,Книга,Ведьмак,32
1910,1230,Книга,Кровная вражда,
1911,1230,Книга,Ведьмак,631
1912,1230,Книга,Ведьмак,631
1913,1275,Игра,Кровь и Вино,10
1914,1230,Комикс,«Предательство»,
1915,1266,Книга,«Сезон Гроз»,
1916,1275,Игра,Кровь и Вино,307
1917,1230,Книга,Ведьмак,66
1918,1264,Книга,«Меньшее зло»,
1919,1270,Игра,Ведьмак 2,42
1920,,,,
1921,1230,Книга,«Кровь эльфов»,
1922,1230,Книга,«Башня Ласточки»,
1923,1270,Игра,Ведьмак 2,684
1924,1230,Книга,«Ведьмак: Проклятье воронов»,
1925,1270,Игра,Ведьмак 2,684
1926,1272,Игра,Ведьмак 3,690
1927,1230,Книга,«Кровь эльфов»,
1928,1272,Игра,Ведьмак 3,495
1929,1246,Книга,«Крещение огнём»,
1930,1246,Книга,Крещение огнём,
1931,1266,Книга,«Сезон гроз»,
1932,1272,Игра,Ведьмак 3,
1933,1272,Игра,Ведьмак 3,110
1934,1272,Игра,Ведьмак 3,364
1935,1248,Книга,«Предел возможного»,
1936,1273,Игра,Каменные сердца,200
1937,1272,Игра,Ведьмак 3,
1938,1272,Игра,Ведьмак 3,
1939,1272,Игра,Ведьмак 3,98
1940,1272,Игра,Ведьмак 3,110
1941,1272,Игра,Ведьмак 3,166
1942,1260,Книга,«Владычица озера»,
1943,1278,Игра,«Гвинт: Ведьмак Карточная Игра»,
1944,1272,Игра,Ведьмак 3,110
1945,1272,Игра,Ведьмак 3,
1946,1272,Игра,Ведьмак 3,80
1947,1273,Игра,Каменные сердца,314
1948,1270,Игра,Ведьмак 2,
1949,1230,Книга,Кровная вражда,
1950,1272,Игра,Ведьмак 3,
1951,1272,Игра,Ведьмак 3,98
1952,1272,Игра,Ведьмак 3,687
1953,1272,Игра,Ведьмак 3,220
1954,1272,Игра,Ведьмак 3,
1955,1270,Игра,Ведьмак 2,248
1956,1270,Игра,Ведьмак 2,49
1957,1272,Игра,Ведьмак 3,162
1958,1278,Игра,Гвинт,
1959,1230,Книга,Час Презрения,
1960,,,,
1961,1275,Игра,Кровь и Вино,255
1962,1272,Игра,Ведьмак 3,
1963,1270,Игра,Ведьмак 2,14
1964,1278,Игра,Гвинт,
1965,1230,Книга,Кровная вражда,
1966,1244,Книга,«Глас рассудка»,
1967,1257,Книга,«Час презрения»,
1968,1272,Игра,Ведьмак 3,
1969,1270,Игра,Ведьмак 2,42
1970,1257,Книга,«Час презрения»,
1971,1266,Книга,«Сезон Гроз»,
1972,1230,Книга,Ведьмак,32
1973,1270,Игра,Ведьмак 2,
1974,1272,Игра,Ведьмак 3,510
1975,1270,Игра,Ведьмак 2,42
1976,1273,Игра,Каменные сердца,
1977,1270,Игра,Ведьмак 2,49
1978,1246,Книга,«Крещение огнём»,
1979,1270,Игра,Ведьмак 2,42
1980,1259,Книга,«Башня ласточки»,
1981,1272,Игра,Ведьмак 3,220
1982,1272,Игра,Ведьмак 3,436
1983,1257,Книга,«Час презрения»,
1984,1266,Книга,Сезон Гроз,
1985,1273,Игра,Каменные сердца,200
1986,1264,Книга,«Меньшее зло»,
1987,1272,Игра,Ведьмак 3,448
1988,1254,Картинка,«Генеалогии»,
1989,1230,Книга,Ведьмак,631
1990,1246,Книга,«Крещение огнём»,
1991,1250,Книга,«Край света»,
1992,1275,Игра,Кровь и Вино,220
1993,1272,Игра,Ведьмак 3,220
1994,1278,Игра,Гвинт,
1995,1230,Книга,«Кровь эльфов»,
1996,1272,Игра,Ведьмак 3,448
1997,1257,Книга,«Час презрения»,
1998,1270,Игра,Ведьмак 2,42
1999,1260,Книга,«Владычица озера»,
2000,1230,Книга,«Кровь эльфов»,
2001,1272,Игра,Ведьмак 3,
2002,1266,Книга,«Сезон Гроз»,
2003,1272,Игра,Ведьмак 3,271
2004,1230,Книга,«Башня Ласточки»,
2005,1272,Игра,Ведьмак 3,482
2006,1273,Игра,Каменные сердца,110
2007,1230,Книга,«Ведьмак»,
2008,1272,Игра,Ведьмак 3,248
2009,1230,Книга,«Ведьмак: Проклятье воронов»,
2010,1266,Книга,«Сезон Гроз»,
2011,1230,Комикс,«Предательство»,
2012,1272,Игра,Ведьмак 3,447
2013,1257,Книга,«Час презрения»,
2014,1272,Игра,Ведьмак 3,
2015,1266,Книга,«Сезон Гроз»,
2016,1275,Игра,Кровь и Вино,456
2017,1273,Игра,Каменные сердца,248
2018,1257,Книга,«Час презрения»,
2019,1272,Игра,Ведьмак 3,86
2020,1259,Книга,«Дорога без возврата»,
2021,1264,Книга,«Меньшее зло»,
2022,1230,Книга,Кровь эльфов,
2023,1254,Книга,«Меч Предназначения»,
2024,1272,Игра,Ведьмак 3,
2025,1272,Игра,Ведьмак 3,390
2026,,,,
2027,1246,Книга,«Крещение огнём»,
2028,1272,Игра,Ведьмак 3,191
2029,1272,Игра,Ведьмак 3,110
2030,1278,Игра,Гвинт,
2031,1230,Книга,«Башня Ласточки»,
2032,1278,Игра,Гвинт,
2033,1260,Книга,«Владычица озера»,
2034,1278,Игра,Гвинт,
2035,1230,Книга,Кровная вражда,
2036,1278,Игра,«Гвинт: Ведьмак. Карточная игра»,
2037,1272,Игра,Ведьмак 3,220
2038,1230,Книга,Кровная вражда,
2039,1275,Игра,Кровь и Вино,
2040,1272,Игра,Ведьмак 3,746
2041,1275,Игра,Кровь и Вино,
2042,1230,Книга,Ведьмак,66
2043,1272,Игра,Ведьмак 3,166
2044,1275,Игра,Кровь и Вино,10
2045,1272,Игра,Ведьмак 3,110
2046,1272,Игра,Ведьмак 3,110
2047,1272,Игра,Ведьмак 3,
2048,1270,Игра,Ведьмак 2,17
2049,1272,Игра,Ведьмак 3,448
2050,1272,Игра,Ведьмак 3,482
2051,1230,Книга,Ведьмак,213
2052,1266,Книга,«Сезон Гроз»,
2053,1270,Игра,Ведьмак 2,
2054,1247,Книга,«Вечный огонь»,
2055,1260,Книга,Владычица Озера,
2056,1272,Игра,Ведьмак 3,98
2057,1272,Игра,Ведьмак 3,
2058,1278,Игра,«Гвинт: Ведьмак. Карточная игра»,
2059,1257,Книга,«Час презрения»,
2060,1230,Книга,Кровная вражда,
2061,1254,Картинка,«Генеалогии»,
2062,1230,Книга,Ведьмак,347
2063,1272,Игра,Ведьмак 3,230
2064,1230,Книга,Кровная вражда,432
2065,1230,Комикс,«Предательство»,
2066,1257,Книга,«Час презрения»,
2067,1272,Игра,Ведьмак 3,
2068,1230,Книга,«Кровь эльфов»,
2069,1266,Книга,«Сезон Гроз»,
2070,1230,Книга,«Ведьмак: Игра Воображения»,
2071,1272,Игра,Ведьмак 3,110
2072,1230,Книга,Ведьмак,32
2073,1266,Книга,Сезон Гроз,
2074,1272,Игра,Ведьмак 3,
2075,1272,Игра,Ведьмак 3,552
2076,1253,Книга,«Последнее желание»,
2077,1278,Игра,Гвинт,
2078,1230,Книга,«Башня Ласточки»,
2079,1230,Книга,Ведьмак,65
2080,1244,Книга,«Вопрос цены»,
2081,1230,Книга,Ведьмак,
2082,1272,Игра,Ведьмак 3,447
2083,1260,Книга,Владычица Озера,
2084,1260,Книга,«Владычица озера»,
2085,1272,Игра,Ведьмак 3,166
2086,1270,Игра,Ведьмак 2,36
2087,1266,Книга,«Сезон Гроз»,
2088,1275,Игра,«Кровь и Вино»,
2089,1275,Игра,Кровь и Вино,552
2090,1273,Игра,Каменные сердца,20
2091,1259,Книга,«Башня ласточки»,
2092,1273,Игра,Каменные сердца,250
2093,1272,Игра,Ведьмак 3,15
2094,1230,Книга,Кровная вражда,284
2095,1230,Книга,Кровная вражда,300
2096,1260,Книга,"Владычица Озера",
2097,1256,Книга,«Немного жертвенности»,
2098,1272,Игра,Ведьмак 3,191
2099,1272,Игра,Ведьмак 3,162
2100,1272,Игра,Ведьмак 3,
2101,1272,Игра,Ведьмак 3,166
2102,1254,Картинка,«Генеалогии»,
2103,1259,Книга,«Башня ласточки»,
2104,1272,Игра,Ведьмак 3,194
2105,1254,Картинка,«Генеалогии»,
2106,1244,Книга,Книги:«Вопрос цены»,
2107,1257,Книга,«Час презрения»,
2108,1270,Игра,Ведьмак 2,248
2109,1275,Игра,Кровь и Вино,55
2110,,,,
2111,1260,Книга,«Владычица озера»,
2112,1254,Книга,«Меч Предназначения»,
2113,1254,Картинка,«Генеалогии»,
2114,1272,Игра,Ведьмак 3,110
2115,1272,Игра,Ведьмак 3,220
2116,1273,Игра,Каменные сердца,545
2117,1272,Игра,Ведьмак 3,220
2118,1272,Игра,Ведьмак 3,345
2119,1273,Игра,Каменные сердца,535
2120,1246,Книга,«Крещение огнём»,
2121,1270,Игра,Ведьмак 2,42
2122,1248,Книга,«Предел возможного»,
2123,1230,Книга,Ведьмак,543
2124,1272,Игра,Ведьмак 3,495
2125,1259,Книга,Дорога без возврата,
2126,1233,Книга,«Когти и клыки»,
2127,1230,Книга,«Кровь эльфов»,
2128,1275,Игра,Кровь и Вино,8
2129,1275,Игра,Кровь и Вино,470
2130,1260,Книга,«Владычица озера»,
2131,1272,Игра,Ведьмак 3,
2132,1246,Книга,«Крещение огнём»,
2133,1266,Книга,«Сезон Гроз»,
2134,1272,Игра,Ведьмак 3,490
2135,1230,Книга,«Кровь эльфов»,
2136,1272,Игра,Ведьмак 3,302
2137,1272,Игра,Ведьмак 3,
2138,1260,Книга,«Владычица озера»,
2139,1246,Книга,«Крещение огнём»,
2140,1272,Игра,Ведьмак 3,220
2141,1260,Книга,«Владычица озера»,
2142,1257,Книга,«Час презрения»,
2143,1259,Книга,«Башня ласточки»,
2144,1272,Игра,Ведьмак 3,
2145,,,,
2146,1275,Игра,Кровь и Вино,533
2147,1272,Игра,Ведьмак 3,284
2148,1230,Книга,Ведьмак,470
2149,1256,Книга,«Немного жертвенности»,
2150,1260,Книга,«Владычица озера»,
2151,1273,Игра,Каменные сердца,575
2152,1248,Книга,«Предел возможного»,
2153,1230,Книга,«Ведьмак: Благо народа»,
2154,1273,Игра,Каменные сердца,250
2155,1272,Игра,Ведьмак 3,
2156,1257,Книга,«Час презрения»,
2157,1230,Книга,«Кровная вражда: Ведьмак. Истории»,
2158,1273,Игра,Каменные сердца,451
2159,1230,Книга,Ведьмак,
2160,1230,Книга,«Кровь эльфов»,
2161,1264,Книга,«Меньшее зло»,
2162,1260,Книга,«Владычица Озера»,
2163,1272,Игра,Ведьмак 3,
2164,1270,Игра,Ведьмак 2,259
2165,1272,Игра,Ведьмак 3,390
2166,1272,Игра,Ведьмак 3,202
2167,1272,Игра,Ведьмак 3,110
2168,1273,Игра,Каменные сердца,
2169,1266,Книга,«Сезон Гроз»,
2170,1272,Игра,Ведьмак 3,482
2171,1230,Книга,«Кровная вражда: Ведьмак. Истории»,
2172,1270,Игра,Ведьмак 2,259
2173,1266,Книга,Сезон Гроз,
2174,1272,Игра,Ведьмак 3,48
2175,1260,Книга,«Владычица озера»,
2176,1254,Картинка,«Генеалогии»,
2177,1272,Игра,Ведьмак 3,545
2178,1275,Игра,Кровь и Вино,
2179,1254,Книга,«Меч Предназначения»,
2180,1272,Игра,Ведьмак 3,319
2181,1272,Игра,Ведьмак 3,110
2182,1248,Книга,«Предел возможного»,
2183,1260,Книга,«Владычица Озера»,
2184,1244,Книга,«Вопрос цены»,
2185,1272,Игра,Ведьмак 3,110
2186,1270,Игра,Ведьмак 2,42
2187,1257,Книга,«Час презрения»,
2188,1272,Игра,Ведьмак 3,605
2189,1244,Книга,«Вопрос цены»,
2190,,,,
2191,1230,Книга,«Кровь эльфов»,
2192,1246,Книга,«Крещение огнём»,
2193,1270,Игра,Ведьмак 2,298
2194,1260,Книга,«Владычица озера»,
2195,1270,Игра,Ведьмак 2,42
2196,1254,Картинка,«Генеалогии»,
2197,1266,Книга,«Сезон Гроз»,
2198,1273,Игра,Каменные сердца,
2199,1230,Книга,«Ведьмак: Проклятье воронов»,
2200,1254,Книга,«Меч Предназначения»,
2201,1272,Игра,Ведьмак 3,230
2202,1272,Игра,Ведьмак 3,
2203,1233,Книга,«Когти и клыки»,
2204,1266,Книга,«Сезон Гроз»,
2205,1272,Игра,Ведьмак 3,
2206,1230,Книга,Кровная вражда,585
2207,,,,
2208,1272,Игра,Ведьмак 3,345
2209,1272,Игра,Ведьмак 3,
2210,1260,Книга,«Владычица озера»,
2211,1264,Книга,«Меньшее зло»,
2212,1270,Игра,Ведьмак 2,424
2213,1230,Книга,Ведьмак,743
2214,1230,Книга,Ведьмак,743
2215,1272,Игра,Ведьмак 3,476
2216,,,,
2217,1253,Книга,«Последнее желание» (как Дани)«Кровь эльфов»,
2218,1246,Книга,«Крещение огнём»,
2219,1275,Игра,Кровь и Вино,245
2220,1260,Книга,«Владычица озера»,
2221,1273,Игра,Каменные сердца,257
2222,1230,Книга,Ведьмак,
2223,1270,Игра,Ведьмак 2,220
2224,1272,Игра,Ведьмак 3,
2225,1254,Книга,«Меч Предназначения»,
2226,1257,Книга,«Час презрения»,
2227,1272,Игра,Ведьмак 3,177
2228,1260,Книга,«Владычица озера»,
2229,1275,Игра,Кровь и Вино,10
2230,1230,Книга,Ведьмак,
2231,1230,Книга,«Ведьмак: Игра Воображения»,
2232,1273,Игра,Каменные сердца,
2233,1272,Игра,Ведьмак 3,
2234,1273,Игра,Каменные сердца,575
2235,1272,Игра,Ведьмак 3,284
2236,1230,Книга,Ведьмак,291
2237,1230,Книга,«Ведьмак: Настольная Ролевая Игра»,
2238,1272,Игра,Ведьмак 3,
2239,1272,Игра,Ведьмак 3,456
2240,1244,Книга,«Глас рассудка»,
2241,1273,Игра,Каменные сердца,686
2242,1272,Игра,Ведьмак 3,293
2243,1273,Игра,Каменные сердца,220
2244,1253,Книга,«Последнее желание»,
2245,1266,Книга,«Сезон Гроз»,
2246,1230,Книга,«Кровь эльфов»,
2247,1256,Книга,«Немного жертвенности»,
2248,1230,Книга,«Башня Ласточки»,
2249,1259,Книга,«Башня ласточки»,
2250,1259,Книга,«Башня ласточки»,
2251,1254,Картинка,«Генеалогии»,
2252,1260,Книга,«Владычица озера»,
2253,1278,Игра,Гвинт,
2254,1273,Игра,Каменные сердца,686
2255,1230,Книга,«Кровь эльфов»,
2256,1246,Книга,«Крещение огнём»,
2257,1230,Книга,Ведьмак,664
2258,1259,Книга,«Башня ласточки»,
2259,1230,Книга,Ведьмак,530
2260,1272,Игра,Ведьмак 3,230
2261,1275,Игра,Кровь и Вино,599
2262,1230,Книга,«Ведьмак: Благо народа»,
2263,1272,Игра,Ведьмак 3,
2264,1257,Книга,«Час презрения»,
2265,1272,Игра,Ведьмак 3,687
2266,1273,Игра,Каменные сердца,110
2267,1272,Игра,Ведьмак 3,
2268,1272,Игра,Ведьмак 3,
2269,1273,Игра,Каменные сердца,110
2270,1272,Игра,Ведьмак 3,291
2271,1278,Игра,Гвинт,
2272,1272,Игра,Ведьмак 3,519
2273,1230,Книга,«Ведьмак: Настольная Ролевая Игра»,
2274,1257,Книга,«Час презрения»,
2275,1246,Книга,«Крещение огнём»,
2276,1275,Игра,Кровь и Вино,10
2277,1275,Игра,Кровь и Вино,449
2278,1230,Книга,Ведьмак,535
2279,1233,Книга,«Дом витражей»,
2280,1266,Книга,«Сезон Гроз»,
2281,1272,Игра,Ведьмак 3,
2282,1272,Игра,Ведьмак 3,279
2283,1272,Игра,Ведьмак 3,230
2284,1272,Игра,Ведьмак 3,48
2285,1272,Игра,Ведьмак 3,345
2286,1273,Игра,Каменные сердца,625
2287,1275,Игра,Кровь и Вино,
2288,1270,Игра,Ведьмак 2,
2289,1278,Игра,«Гвинт: Ведьмак. Карточная игра»,
2290,1230,Книга,«Башня Ласточки»,
2291,1260,Книга,"Владычица Озера",
2292,1266,Книга,«Сезон Гроз»,
2293,1260,Книга,«Владычица озера»,
2294,1272,Игра,Ведьмак 3,213
2295,1230,Книга,Кровная вражда,
2296,1272,Игра,Ведьмак 3,48
2297,1272,Игра,Ведьмак 3,
2298,1248,Книга,«Предел возможного»,
2299,1272,Игра,Ведьмак 3,
2300,1273,Игра,Каменные сердца,20
2301,1272,Игра,Ведьмак 3,48
2302,1273,Игра,Каменные сердца,20
2303,1230,Книга,Кровная вражда,718
2304,1230,Книга,Кровная вражда,432
2305,1248,Книга,«Предел возможного»,
2306,1230,Книга,«Кровь эльфов»,
2307,1272,Игра,Ведьмак 3,
2308,1230,Книга,Ведьмак,664
