appearance_id,appearance_year,appearance_type,appearance_name,appearance_replicas_number
1,1273,Игра,Каменные сердца,134
2,1260,Книга,Владычица Озера,162
3,1257,Книга,«Час презрения»,225
4,1272,Игра,Ведьмак 3,17
5,1257,Книга,«Час презрения»,186
6,1270,Игра,Ведьмак 2,295
7,1272,Игра,Ведьмак 3,4
8,1264,Книга,«Меньшее зло»,202
9,1230,Книга,Ведьмак,238
10,1266,Книга,«Сезон Гроз»,222
11,1260,Книга,«Владычица озера»,251
12,1264,Книга,«Меньшее зло»,4
13,1230,Книга,«Кровь эльфов»,3
14,1259,Книга,«Башня ласточки»,25
15,1246,Книга,«Крещение огнём»,151
16,1275,Игра,Кровь и Вино,268
17,1230,Книга,Час Презрения,187
18,1272,Игра,Ведьмак 3,273
19,1257,Книга,«Час презрения»,288
20,1272,Игра,Ведьмак 3,94
21,1246,Книга,«Крещение огнём»,126
22,1256,Книга,«Немного жертвенности»,274
23,1259,Книга,«Башня ласточки»,286
24,1230,Книга,Книги:«Кровь эльфов»,254
25,1275,Игра,Кровь и Вино,42
26,1230,Книга,«Ведьмак: Настольная Ролевая Игра»,124
27,1278,Игра,«Гвинт: Ведьмак. Карточная игра»,9
28,1230,Книга,«Ведьмак: Игра Воображения»,72
29,1270,Игра,Ведьмак 2,261
30,1230,Книга,Ведьмак,212
31,1275,Игра,Кровь и Вино,216
32,1260,Книга,«Владычица озера»,167
33,1230,Книга,«Ведьмак»,86
34,1230,Книга,«Ведьмак: Проклятие воронов»,232
35,1254,Картинка,«Генеалогии»,200
36,1266,Книга,Сезон Гроз,284
37,1260,Книга,«Владычица озера»,182
38,1273,Игра,Каменные сердца,11
39,1246,Книга,«Крещение огнём»,166
40,1260,Книга,«Владычица озера»,228
41,1275,Игра,Кровь и Вино,185
42,1275,Игра,Кровь и Вино,184
43,1270,Игра,Ведьмак 2,294
44,1275,Игра,Кровь и Вино,261
45,1272,Игра,Ведьмак 3,198
46,1230,Книга,Ведьмак,123
47,1230,Книга,«Башня Ласточки»,109
48,1230,Комикс,«Предательство»,181
49,1272,Игра,Ведьмак 3,88
50,1266,Книга,«Сезон Гроз»,184
51,1260,Книга,«Владычица озера»,295
52,1257,Книга,«Час презрения»,140
53,1256,Книга,«Немного жертвенности»,3
54,1257,Книга,«Час презрения»,141
55,1272,Игра,Ведьмак 3,79
56,1272,Игра,Ведьмак 3,202
57,1272,Игра,Ведьмак 3,129
58,1272,Игра,Ведьмак 3,213
59,1278,Игра,Гвинт,138
60,1266,Книга,«Сезон Гроз»,158
61,1266,Книга,«Сезон Гроз»,10
62,1272,Игра,Ведьмак 3,109
63,1272,Игра,Ведьмак 3,270
64,1273,Игра,Каменные сердца,100
65,1230,Книга,Ведьмак,40
66,1254,Картинка,«Генеалогии»,234
67,1278,Игра,Гвинт,77
68,1260,Книга,Владычица Озера,201
69,1244,Книга,Маг-Отступник,214
70,1272,Игра,Ведьмак 3,73
71,1272,Игра,Ведьмак 3,3
72,1230,Книга,Ведьмак,187
73,1272,Игра,Ведьмак 3,57
74,1266,Книга,«Сезон Гроз»,45
75,1272,Игра,Ведьмак 3,217
76,1272,Игра,Ведьмак 3,144
77,1272,Игра,Ведьмак 3,147
78,1278,Игра,«Гвинт: Ведьмак. Карточная игра»,231
79,1230,Книга,Ведьмак,187
80,1254,Книга,Меч Предназначения,181
81,1272,Игра,Ведьмак 3,150
82,1273,Игра,Каменные сердца,133
83,1278,Игра,«Гвинт: Ведьмак. Карточная игра»,211
84,1275,Игра,Кровь и Вино,153
85,1230,Книга,Ведьмак,190
86,1272,Игра,Ведьмак 3,119
87,1257,Книга,«Час презрения»,122
88,1246,Книга,«Крещение огнём»,277
89,1230,Книга,Кровная вражда,297
90,1260,Книга,«Владычица озера»,199
91,1259,Книга,«Башня ласточки»,20
92,1230,Книга,«Ведьмак: Игра Воображения»,69
93,1272,Игра,Ведьмак 3,44
94,1272,Игра,Ведьмак 3,166
95,1272,Игра,Ведьмак 3,142
96,1272,Игра,Ведьмак 3,72
97,1230,Книга,Ведьмак,259
98,1270,Игра,Ведьмак 2,282
99,1230,Книга,«Башня Ласточки»,13
100,1260,Книга,«Владычица озера»,258
101,1260,Книга,«Владычица озера»,243
102,1260,Книга,«Владычица озера»,179
103,1272,Игра,Ведьмак 3,296
104,1259,Книга,«Башня ласточки»,6
105,1270,Игра,Ведьмак 2,269
106,1260,Книга,«Владычица озера»,163
107,1272,Игра,Ведьмак 3,69
108,1230,Книга,Ведьмак,208
109,1260,Книга,«Владычица озера»,281
110,1230,Книга,«Ведьмак: Убивая чудовищ»,156
111,1272,Игра,Ведьмак 3,211
112,1246,Книга,«Крещение огнём»,75
113,1272,Игра,Ведьмак 3,77
114,1254,Картинка,«Генеалогии»,3
115,1273,Игра,Каменные сердца,14
116,1275,Игра,Кровь и Вино,19
117,1272,Игра,Ведьмак 3,83
118,1273,Игра,Каменные сердца,55
119,1275,Игра,Кровь и Вино,238
120,1272,Игра,Ведьмак 3,213
121,1272,Игра,Ведьмак 3,268
122,1266,Книга,Сезон Гроз,107
123,1230,Книга,Ведьмак,232
124,1230,Книга,«Ведьмак: Благо народа»,202
125,1230,Книга,«Ведьмак: Благо народа»,21
126,1273,Игра,Каменные сердца,115
127,1275,Игра,Кровь и Вино,277
128,1275,Игра,Кровь и Вино,67
129,1230,Книга,Ведьмак,214
130,1257,Книга,«Час презрения»,166
131,1230,Комикс,«Предательство»,156
132,1270,Игра,Ведьмак 2,275
133,1272,Игра,Ведьмак 3,154
134,1257,Книга,«Час презрения»,79
135,1275,Игра,Кровь и Вино,62
136,1260,Книга,«Владычица озера»,66
137,1272,Игра,Ведьмак 3,98
138,1270,Игра,Ведьмак 2,214
139,1264,Книга,«Меньшее зло»,54
140,1272,Игра,Ведьмак 3,102
141,1230,Книга,«Ведьмак: Игра Воображения»,268
142,1230,Книга,Ведьмак,254
143,1260,Книга,«Владычица озера»,222
144,1230,Книга,«Ведьмак: Настольная Ролевая Игра»,172
145,1272,Игра,Ведьмак 3,266
146,1230,Книга,Кровная вражда,129
147,1272,Игра,Ведьмак 3,35
148,1247,Книга,«Вечный огонь»,17
149,1275,Игра,Кровь и Вино,37
150,1270,Игра,Ведьмак 2,288
151,1272,Игра,Ведьмак 3,132
152,1230,Книга,«Кровь эльфов»,171
153,1272,Игра,Ведьмак 3,246
154,1278,Игра,«Гвинт: Ведьмак. Карточная игра»,82
155,1275,Игра,Кровь и Вино,214
156,1272,Игра,Ведьмак 3,250
157,1253,Книга,«Последнее желание»,226
158,1272,Игра,Ведьмак 3,200
159,1230,Книга,Башня Ласточки,50
160,1257,Книга,«Час презрения»,8
161,1246,Книга,«Крещение огнём»,202
162,1272,Игра,Ведьмак 3,184
163,1272,Игра,Ведьмак 3,8
164,1272,Игра,Ведьмак 3,129
165,1256,Книга,«Нечто большее»,217
166,1260,Книга,«Владычица озера»,140
167,1264,Книга,«Меньшее зло»,255
168,1278,Игра,Гвинт,156
169,1230,Книга,«Кровь эльфов»,76
170,1272,Игра,Ведьмак 3,123
171,1230,Книга,«Ведьмак: Игра Воображения»,123
172,1278,Игра,Гвинт,180
173,1278,Игра,«Гвинт: Ведьмак. Карточная игра»,204
174,1272,Игра,Ведьмак 3,159
175,1272,Игра,Ведьмак 3,150
176,1230,Книга,Ведьмак,238
177,1230,Книга,Ведьмак,44
178,1230,Книга,Ведьмак,71
179,1230,Книга,«Ведьмак: Убивая чудовищ»,231
180,1254,Картинка,«Генеалогии»,137
181,,,,224
182,1270,Игра,Ведьмак 2,218
183,1275,Игра,Кровь и Вино,236
184,1230,Книга,«Ведьмак: Убивая чудовищ»,23
185,1270,Игра,Ведьмак 2,58
186,1266,Книга,«Сезон Гроз»,30
187,1260,Книга,«Владычица озера»,61
188,1230,Книга,Ведьмак,87
189,1272,Игра,Ведьмак 3,89
190,1230,Книга,Кровная вражда,201
191,1230,Книга,«Кровь эльфов»,150
192,1275,Игра,Кровь и Вино,41
193,1275,Игра,Кровь и Вино,290
194,1259,Книга,«Башня ласточки»,287
195,1272,Игра,Ведьмак 3,189
196,1272,Игра,Ведьмак 3,102
197,1272,Игра,Ведьмак 3,202
198,1272,Игра,Ведьмак 3,98
199,1275,Игра,Кровь и Вино,289
200,1272,Игра,Ведьмак 3,110
201,1273,Игра,Каменные сердца,227
202,1270,Игра,Ведьмак 2,173
203,1272,Игра,Ведьмак 3,183
204,1275,Игра,Кровь и Вино,95
205,1272,Игра,Ведьмак 3,228
206,1272,Игра,Ведьмак 3,164
207,1254,Картинка,«Генеалогии»,169
208,1247,Книга,«Вечный огонь»,46
209,1230,Книга,Ведьмак,123
210,1272,Игра,Ведьмак 3,150
211,1278,Игра,Гвинт,243
212,1230,Книга,Ведьмак,134
213,1254,Картинка,«Генеалогии»,205
214,1253,Книга,«Что-то кончается,29
215,1266,Книга,«Сезон Гроз»,141
216,1259,Книга,«Башня ласточки»,244
217,1275,Игра,Кровь и Вино,248
218,1272,Игра,Ведьмак 3,109
219,1272,Игра,Ведьмак 3,121
220,1230,Книга,Ведьмак,87
221,1260,Книга,"Владычица Озера",70
222,1254,Картинка,«Генеалогии»,244
223,1270,Игра,Ведьмак 2,180
224,1272,Игра,Ведьмак 3,43
225,1272,Игра,Ведьмак 3,190
226,1264,Книга,«Меньшее зло»,188
227,1257,Книга,«Час презрения»,26
228,1230,Книга,«Ведьмак: Игра Воображения»,282
229,1273,Игра,Каменные сердца,88
230,1259,Книга,«Башня ласточки»,165
231,1272,Игра,Ведьмак 3,130
232,1272,Игра,Ведьмак 3,43
233,1270,Игра,Ведьмак 2,85
234,1272,Игра,Ведьмак 3,27
235,1260,Книга,«Владычица озера»,187
236,1272,Игра,Ведьмак 3,131
237,1230,Книга,Час Презрения (книга),194
238,1256,Книга,«Немного жертвенности»,52
239,1278,Игра,Гвинт,219
240,1272,Игра,Ведьмак 3,190
241,1266,Книга,«Сезон Гроз»,49
242,1275,Игра,Кровь и Вино,272
243,1257,Книга,«Час презрения»,111
244,1254,Картинка,«Генеалогии»,232
245,1260,Книга,«Владычица озера»,278
246,1272,Игра,Ведьмак 3,99
247,1272,Игра,Ведьмак 3,115
248,1260,Книга,«Владычица озера»,60
249,1272,Игра,Ведьмак 3,254
250,1253,Книга,«Последнее желание»,226
251,1275,Игра,Кровь и Вино,150
252,1273,Игра,Каменные сердца,67
253,1248,Книга,«Предел возможного»,198
254,1272,Игра,Ведьмак 3,73
255,1273,Игра,Каменные сердца,249
256,1230,Книга,Кровная вражда,19
257,,,,159
258,1272,Игра,Ведьмак 3,87
259,1230,Книга,Кровная вражда,262
260,1270,Игра,Ведьмак 2,19
261,1272,Игра,Ведьмак 3,117
262,1230,Книга,Ведьмак,160
263,1275,Игра,Кровь и Вино,297
264,1255,Книга,Кровь Эльфов,105
265,1264,Книга,«Меньшее зло»,78
266,1275,Игра,Кровь и Вино,155
267,1259,Книга,«Башня ласточки»,258
268,1272,Игра,Ведьмак 3,0
269,1275,Игра,Кровь и Вино,42
270,1275,Игра,Кровь и Вино,251
271,1248,Книга,«Предел возможного»,238
272,1278,Игра,«Гвинт: Ведьмак. Карточная игра»,17
273,1272,Игра,Ведьмак 3,276
274,1272,Игра,Ведьмак 3,170
275,1272,Игра,«Ведьмак 3: Дикая Охота»,189
276,1272,Игра,Ведьмак 3,180
277,1270,Игра,Ведьмак 2,71
278,1275,Игра,Кровь и Вино,125
279,1254,Книга,«Меч Предназначения»,138
280,1272,Игра,Ведьмак 3,52
281,1266,Книга,«Сезон Гроз»,34
282,1272,Игра,Настольная Ролевая Игра,23
283,1260,Книга,Владычица Озера,300
284,1266,Книга,"Сезон Гроз",254
285,1270,Игра,Ведьмак 2,197
286,1254,Книга,«Меч Предназначения»,43
287,1230,Книга,«Ведьмак: Благо народа»,30
288,1272,Игра,Ведьмак 3,13
289,1272,Игра,Ведьмак 3,97
290,1278,Игра,Гвинт,100
291,1257,Книга,«Час презрения»,145
292,1246,Книга,«Крещение огнём»,235
293,1278,Игра,«Гвинт: Ведьмак. Карточная игра»,228
294,1272,Игра,Ведьмак 3,268
295,1273,Игра,Каменные сердца,39
296,1275,Игра,Кровь и Вино,41
297,1256,Книга,«Немного жертвенности»,176
298,1259,Книга,Книги:«Башня ласточки»Игры:«Ведьмак»,282
299,1272,Игра,Ведьмак 3,150
300,1270,Игра,Ведьмак 2,274
301,1259,Книга,«Башня ласточки»,61
302,1266,Книга,Сезон Гроз,30
303,1272,Игра,Ведьмак 3,194
304,1272,Игра,Ведьмак 3,291
305,1254,Картинка,«Генеалогии»,283
306,1272,Игра,Ведьмак 3,68
307,1272,Игра,Ведьмак 3,78
308,1278,Игра,Гвинт,261
309,1270,Игра,Ведьмак 2,125
310,1230,Книга,Ведьмак,207
311,1266,Книга,Боевая Арена,78
312,1230,Книга,Кровная вражда,142
313,1272,Игра,Ведьмак 3,158
314,1278,Игра,Гвинт,89
315,1272,Игра,Ведьмак 3,59
316,1272,Игра,Ведьмак 3,253
317,1260,Книга,"Владычица озера" (упоминание),136
318,1272,Игра,Ведьмак 3,95
319,1230,Книга,«Башня Ласточки»,251
320,1272,Игра,Ведьмак 3,185
321,1272,Игра,Ведьмак 3,190
322,1233,Книга,«Когти и клыки»,134
323,1272,Игра,Ведьмак 3,61
324,1278,Игра,Гвинт,1
325,1273,Игра,Каменные сердца,193
326,1257,Книга,«Час презрения»,46
327,1250,Книга,«Край света»,238
328,1270,Игра,Ведьмак 2,226
329,,,,102
330,1270,Игра,Ведьмак 2,271
331,1273,Игра,Каменные сердца,213
332,1256,Книга,«Нечто большее»,41
333,1230,Книга,«Ведьмак: Дом витражей»,255
334,1272,Игра,Ведьмак 3,243
335,1275,Игра,Кровь и Вино,153
336,1278,Игра,Гвинт,112
337,1272,Игра,Ведьмак 3,24
338,1230,Книга,Ведьмак,77
339,1246,Книга,«Крещение огнём»,207
340,1257,Книга,«Час презрения»,164
341,1273,Игра,Каменные сердца,56
342,1259,Книга,«Башня ласточки»,35
343,1270,Игра,Ведьмак 2,78
344,1275,Игра,Кровь и Вино,13
345,,,,102
346,,,,269
347,,,,108
348,1230,Книга,«Ведьмак: Игра Воображения»,217
349,1230,Книга,«Ведьмак»,189
350,1275,Игра,Кровь и Вино,92
351,1275,Игра,Кровь и Вино,73
352,1256,Книга,«Нечто большее»,110
353,1230,Книга,«Ведьмак: Игра Воображения»,178
354,1260,Книга,«Владычица озера»,272
355,1249,Книга,«Крупица истины»,127
356,1270,Игра,Ведьмак 2,30
357,1273,Игра,Каменные сердца,151
358,1249,Книга,«Крупица истины»,273
359,1257,Книга,«Час презрения»,120
360,1272,Игра,Ведьмак 3,200
361,1273,Игра,Каменные сердца,222
362,1273,Игра,Каменные сердца,95
363,1270,Игра,Ведьмак 2,190
364,1272,Игра,Ведьмак 3,253
365,1256,Книга,«Немного жертвенности»,223
366,1270,Игра,Ведьмак 2,115
367,1230,Книга,«Кровь эльфов»,107
368,1273,Игра,Каменные сердца,202
369,1230,Книга,Ведьмак,292
370,1247,Книга,«Вечный огонь»,111
371,1254,Картинка,«Генеалогии»,225
372,1230,Книга,Ведьмак,149
373,1272,Игра,Ведьмак 3,25
374,1254,Картинка,«Генеалогии»,292
375,1275,Игра,Кровь и Вино,27
376,1272,Игра,Ведьмак 3,128
377,1266,Книга,«Сезон Гроз»,47
378,1230,Книга,«Ведьмак: Игра Воображения»,155
379,1272,Игра,Ведьмак 3,111
380,1254,Картинка,«Генеалогии»,216
381,1230,Книга,«Кровь эльфов»,54
382,1272,Игра,Ведьмак 3,202
383,1272,Игра,Ведьмак 3,121
384,1272,Игра,Ведьмак 3,198
385,1275,Игра,Кровь и Вино,235
386,1260,Книга,«Владычица Озера»,83
387,1278,Игра,Гвинт,178
388,1230,Книга,«Кровь эльфов»,69
389,1230,Книга,Кровная вражда,61
390,1253,Книга,«Что-то кончается,230
391,1272,Игра,Ведьмак 3,11
392,1257,Книга,«Час презрения»,260
393,1257,Книга,«Час презрения»,27
394,1230,Книга,Кровная вражда,123
395,1272,Игра,Ведьмак 3,44
396,,,,33
397,1230,Книга,«Кровь эльфов»,6
398,1260,Книга,«Владычица озера»,35
399,1272,Игра,Ведьмак 3,95
400,1275,Игра,Кровь и Вино,72
401,1270,Игра,Ведьмак 2,110
402,1257,Книга,«Час презрения»,187
403,1272,Игра,Ведьмак 3,199
404,1230,Книга,«Кровь эльфов»,67
405,1272,Игра,Ведьмак 3,161
406,1273,Игра,Каменные сердца,140
407,1260,Книга,Владычица Озера,263
408,1247,Книга,«Вечный огонь»,147
409,1230,Книга,Башня Ласточки,259
410,1244,Книга,«Вопрос цены»,41
411,1254,Картинка,«Генеалогии»,268
412,1275,Игра,Кровь и Вино,183
413,1275,Игра,Кровь и Вино,272
414,1275,Игра,Кровь и Вино,121
415,1275,Игра,Кровь и Вино,12
416,1275,Игра,Кровь и Вино,248
417,1278,Игра,Гвинт,219
418,1270,Игра,Ведьмак 2,59
419,1230,Книга,Ведьмак,145
420,1270,Игра,Ведьмак 2,50
421,1272,Игра,Ведьмак 3,2
422,1257,Книга,«Час презрения»,204
423,1266,Книга,«Сезон Гроз»,85
424,1266,Книга,«Сезон Гроз»,68
425,1253,Книга,«Последнее желание»,297
426,1260,Книга,«Владычица озера»,67
427,1230,Книга,«Кровь эльфов»,71
428,1259,Книга,«Дорога без возврата»,61
429,1244,Книга,«Вопрос цены»,57
430,1272,Игра,Ведьмак 3,293
431,1230,Книга,«Кровь эльфов»,112
432,1273,Игра,Каменные сердца,40
433,1270,Игра,Ведьмак 2,44
434,1272,Игра,Ведьмак 3,160
435,1273,Игра,Каменные сердца,46
436,1272,Игра,Ведьмак 3,138
437,1230,Книга,Кровная вражда,108
438,1275,Игра,Кровь и Вино,213
439,1273,Игра,Каменные сердца,180
440,1275,Игра,Кровь и Вино,183
441,1230,Книга,Ведьмак,46
442,1266,Книга,«Сезон Гроз»,72
443,1230,Книга,«Ведьмак: Игра Воображения»,234
444,1257,Книга,«Час презрения»,41
445,1272,Игра,Ведьмак 3,58
446,1275,Игра,Кровь и Вино,148
447,1272,Игра,Ведьмак 3,110
448,1272,Игра,Ведьмак 3,294
449,1272,Игра,Ведьмак 3,196
450,1272,Игра,Ведьмак 3,82
451,1230,Книга,Кровь эльфов,147
452,1230,Книга,Ведьмак,202
453,1272,Игра,Ведьмак 3,28
454,1273,Игра,Каменные сердца,58
455,1272,Игра,Ведьмак 3,158
456,1230,Книга,Ведьмак,97
457,1278,Игра,Гвинт,171
458,1253,Книга,«Последнее желание»,88
459,1278,Игра,«Гвинт: Ведьмак. Карточная игра»,195
460,1273,Игра,Каменные сердца,33
461,1244,Книга,Книги:«Вопрос цены»Игры:«Ведьмак»,175
462,1230,Книга,Кровная вражда,5
463,1272,Игра,Ведьмак 3,46
464,1272,Игра,Ведьмак 3,159
465,1254,Картинка,«Генеалогии»,135
466,1264,Книга,«Меньшее зло»,52
467,1259,Книга,«Башня ласточки»,165
468,1272,Игра,Ведьмак 3,146
469,1255,Книга,Кровь Эльфов,177
470,1248,Книга,«Предел возможного»,138
471,1230,Книга,Кровная вражда,121
472,1273,Игра,Каменные сердца,101
473,1259,Книга,Книги: «Башня Ласточки»Игры:«Ведьмак»,113
474,1270,Игра,Ведьмак 2,279
475,1272,Игра,Ведьмак 3,213
476,1244,Книга,«Вопрос цены»,291
477,1272,Игра,Ведьмак 3,79
478,1278,Игра,Гвинт,75
479,1250,Книга,«Край света»,73
480,1260,Книга,«Владычица озера»,286
481,1275,Игра,Кровь и Вино,263
482,1260,Книга,«Владычица озера»,151
483,1272,Игра,Ведьмак 3,77
484,1272,Игра,Ведьмак 3,268
485,1273,Игра,Каменные сердца,233
486,1273,Игра,Каменные сердца,194
487,1257,Книга,«Час презрения»,289
488,1272,Игра,Ведьмак 3,196
489,1270,Игра,Ведьмак 2,129
490,1247,Книга,«Вечный огонь»,68
491,1260,Книга,«Владычица озера»,32
492,1272,Игра,Ведьмак 3,59
493,1272,Игра,Ведьмак 3,140
494,1230,Книга,Кровная вражда,285
495,1270,Игра,Ведьмак 2,43
496,1256,Книга,«Немного жертвенности»,178
497,1272,Игра,Ведьмак 3,89
498,1275,Игра,Кровь и Вино,249
499,1275,Игра,Кровь и Вино,181
500,1230,Книга,Кровная вражда,170
501,1272,Игра,Ведьмак 3,8
502,1230,Комикс,«Предательство»,94
503,1254,Картинка,«Генеалогии»,32
504,1230,Книга,«Ведьмак: Игра Воображения»,233
505,1278,Игра,Гвинт,172
506,1272,Игра,Ведьмак 3,246
507,1246,Книга,«Крещение огнём»,183
508,1272,Игра,«Ведьмак 3: Дикая Охота»,31
509,1230,Книга,«Башня Ласточки»,167
510,1278,Игра,Гвинт,167
511,1272,Игра,Ведьмак 3,177
512,1278,Игра,Гвинт,146
513,1254,Картинка,«Генеалогии»,144
514,1230,Книга,«Башня Ласточки»,228
515,1272,Игра,Ведьмак 3,261
516,1275,Игра,Кровь и Вино,66
517,1272,Игра,Ведьмак 3,175
518,1272,Игра,Ведьмак 3,46
519,1272,Игра,Ведьмак 3,216
520,1272,Игра,Ведьмак 3,286
521,1275,Игра,Кровь и Вино,75
522,,,,203
523,1230,Книга,См. соответствующий раздел,289
524,1230,Книга,«Башня Ласточки»,255
525,1253,Книга,Книги:«Последнее желание»,63
526,1252,Книга,«Осколок льда»,189
527,1272,Игра,Ведьмак 3,234
528,1272,Игра,Ведьмак 3,72
529,1272,Игра,Ведьмак 3,61
530,1273,Игра,«Каменные сердца»,126
531,1230,Книга,Ведьмак,83
532,1230,Книга,«Ведьмак: Настольная Ролевая Игра»,171
533,1272,Игра,Ведьмак 3,156
534,1272,Игра,Ведьмак 3,152
535,1275,Игра,«Кровь и Вино»,281
536,1230,Книга,Кровная вражда,7
537,1273,Игра,Каменные сердца,132
538,1272,Игра,Ведьмак 3,9
539,1248,Книга,«Предел возможного»,134
540,1275,Игра,Кровь и Вино,166
541,1257,Книга,«Час презрения»,156
542,1230,Книга,Ведьмак,96
543,1230,Книга,Ведьмак,249
544,1230,Книга,Кровь эльфов,31
545,1273,Игра,Каменные сердца,51
546,1272,Игра,Ведьмак 3,155
547,1278,Игра,Гвинт,266
548,1272,Игра,Ведьмак 3,108
549,1230,Книга,Ведьмак,51
550,1254,Картинка,«Генеалогии»,269
551,1257,Книга,«Час презрения»,131
552,1246,Книга,«Крещение огнём»,78
553,1230,Книга,Ведьмак,143
554,1257,Книга,«Час презрения»,6
555,1259,Книга,«Башня ласточки»,221
556,1259,Книга,«Башня ласточки»,52
557,1272,Игра,Ведьмак 3,281
558,1257,Книга,«Час презрения»,169
559,1272,Игра,Ведьмак 3,60
560,1266,Книга,«Сезон Гроз»,108
561,1230,Книга,Ведьмак,99
562,1256,Книга,«Нечто большее»,109
563,1275,Игра,Кровь и Вино,85
564,1257,Книга,«Час презрения»,158
565,1272,Игра,Ведьмак 3,282
566,1259,Книга,«Башня ласточки»,16
567,1230,Книга,Ведьмак,288
568,1272,Игра,Ведьмак 3,155
569,1275,Игра,Кровь и Вино,112
570,1275,Игра,Кровь и Вино,15
571,1272,Игра,Ведьмак 3,51
572,1272,Игра,Ведьмак 3,233
573,1272,Игра,Ведьмак 3,104
574,1275,Игра,Кровь и Вино,33
575,1275,Игра,Кровь и Вино,171
576,1260,Книга,«Владычица озера»,88
577,1259,Книга,«Башня ласточки»,99
578,1272,Игра,Ведьмак 3,71
579,1272,Игра,Ведьмак 3,47
580,1254,Картинка,«Генеалогии»,2
581,1230,Книга,Кровная вражда,110
582,1272,Игра,Ведьмак 3,133
583,1246,Книга,«Крещение огнём»,270
584,1272,Игра,Ведьмак 3,40
585,1270,Игра,Ведьмак 2,31
586,1275,Игра,Кровь и Вино,93
587,1273,Игра,Каменные сердца,187
588,1260,Книга,«Владычица озера»,31
589,1257,Книга,«Час презрения»,173
590,1272,Игра,Ведьмак 3,210
591,1272,Игра,Ведьмак 3,186
592,1275,Игра,Кровь и Вино,168
593,1275,Игра,Кровь и Вино,112
594,1272,Игра,Ведьмак 3,263
595,1230,Книга,Кровная вражда,297
596,1272,Игра,Ведьмак 3,114
597,1272,Игра,Ведьмак 3,299
598,1272,Игра,Ведьмак 3,26
599,1272,Игра,Ведьмак 3,25
600,1272,Игра,Ведьмак 3,51
601,1230,Книга,«Кровь эльфов»,25
602,1230,Книга,Ведьмак,296
603,1273,Игра,Каменные сердца,69
604,1256,Книга,«Немного жертвенности»,9
605,1272,Игра,Ведьмак 3,94
606,1275,Игра,Кровь и Вино,121
607,1230,Книга,Ведьмак,91
608,1272,Игра,Ведьмак 3,112
609,,,,73
610,1270,Игра,Ведьмак 2,266
611,1272,Игра,Ведьмак 3,44
612,1278,Игра,Гвинт,160
613,1272,Игра,Ведьмак 3,298
614,1230,Книга,«Ведьмак: Игра Воображения»,259
615,1272,Игра,Ведьмак 3,61
616,1273,Игра,Каменные сердца,57
617,1254,Картинка,«Генеалогии»,61
618,1230,Книга,Кровная вражда,9
619,1278,Игра,Гвинт,39
620,1272,Игра,Ведьмак 3,29
621,1272,Игра,Ведьмак 3,3
622,1230,Книга,Ведьмак,23
623,1272,Игра,Ведьмак 3,295
624,1272,Игра,Ведьмак 3,218
625,1230,Книга,Кровная вражда,246
626,1272,Игра,Ведьмак 3,76
627,1272,Игра,Ведьмак 3,49
628,1275,Игра,Кровь и Вино,106
629,1259,Книга,«Башня ласточки»,138
630,1254,Картинка,«Генеалогии»,233
631,1272,Игра,Ведьмак 3,81
632,1230,Комикс,«Предательство»,244
633,1272,Игра,Ведьмак 3,287
634,1230,Книга,Ведьмак,151
635,1275,Игра,Кровь и Вино,55
636,1272,Игра,Ведьмак 3,84
637,1273,Игра,Каменные сердца,97
638,1272,Игра,Ведьмак 3,259
639,1272,Игра,Ведьмак 3,256
640,1256,Книга,«Нечто большее»,140
641,1254,Картинка,«Генеалогии»,193
642,1254,Картинка,«Генеалогии»,268
643,1230,Книга,Кровная вражда,97
644,1247,Книга,«Вечный огонь»,217
645,1230,Книга,«Ведьмак: Игра Воображения»,227
646,1259,Книга,«Башня ласточки»,46
647,1230,Книга,«Ведьмак»,78
648,1256,Книга,«Немного жертвенности»,265
649,1272,Игра,Ведьмак 3,81
650,1270,Игра,Ведьмак 2,295
651,1254,Картинка,«Генеалогии»,74
652,1230,Книга,Кровная вражда,224
653,1275,Игра,Кровь и Вино,204
654,,,,101
655,1275,Игра,Кровь и Вино,133
656,1246,Книга,«Крещение огнём»,158
657,1275,Игра,Кровь и Вино,76
658,,,,58
659,1270,Игра,Ведьмак 2,115
660,1230,Книга,Ведьмак,24
661,,,,45
662,1230,Книга,Ведьмак,36
663,,,,193
664,1275,Игра,Кровь и Вино,112
665,1259,Книга,«Башня ласточки»,7
666,1230,Книга,Ведьмак,142
667,1253,Книга,«Последнее желание»,225
668,1230,Книга,Ведьмак,143
669,1254,Картинка,«Генеалогии»,97
670,1230,Книга,Ведьмак,74
671,1259,Книга,«Башня ласточки»,103
672,1272,Игра,Ведьмак 3,256
673,1230,Книга,«Кровь эльфов»,274
674,1272,Игра,Ведьмак 3,149
675,1244,Книга,«Глас рассудка»,230
676,1260,Книга,«Владычица озера»,176
677,1257,Книга,«Час презрения»,82
678,1250,Книга,«Край света»,153
679,1244,Книга,«Вопрос цены»,234
680,1260,Книга,«Владычица озера»,15
681,1278,Игра,Гвинт,246
682,1272,Игра,Ведьмак 3,11
683,1230,Книга,Ведьмак,38
684,1264,Книга,«Меньшее зло»,266
685,1275,Игра,Кровь и Вино,179
686,1257,Книга,«Час презрения»,79
687,1272,Игра,Ведьмак 3,208
688,1262,Игра,«The Witcher Adventure Game»,95
689,1273,Игра,Каменные сердца,32
690,1275,Игра,Кровь и Вино,70
691,1230,Книга,«Кровь эльфов»,297
692,1272,Игра,Ведьмак 3,164
693,1253,Книга,«Последнее желание»,152
694,1275,Игра,Кровь и Вино,286
695,1254,Картинка,«Генеалогии»,100
696,1260,Книга,«Владычица озера»,221
697,1230,Книга,«Ведьмак: Игра Воображения»,102
698,1254,Картинка,«Генеалогии»,196
699,1275,Игра,Кровь и Вино,241
700,1257,Книга,«Час презрения»,216
701,1272,Игра,Ведьмак 3,210
702,1260,Книга,«Владычица озера»,238
703,1273,Игра,Каменные сердца,4
704,1230,Книга,Ведьмак,228
705,1272,Игра,Ведьмак 3,40
706,1272,Игра,Ведьмак 3,18
707,1270,Игра,Ведьмак 2,121
708,1272,Игра,Ведьмак 3,62
709,1272,Игра,Ведьмак 3,193
710,1272,Игра,Ведьмак 3,122
711,1275,Игра,Кровь и Вино,185
712,1278,Игра,Гвинт,225
713,1272,Игра,Ведьмак 3,135
714,1259,Книга,«Башня ласточки»,115
715,1272,Игра,Ведьмак 3,153
716,1272,Игра,Ведьмак 3,5
717,1272,Игра,Ведьмак 3,250
718,1230,Книга,«Кровь эльфов»,59
719,1272,Игра,Ведьмак 3,19
720,1230,Книга,«Ведьмак: Благо народа»,278
721,1275,Игра,Кровь и Вино,60
722,1230,Книга,Ведьмак,47
723,1248,Книга,«Предел возможного»,214
724,1259,Книга,«Башня ласточки»,88
725,1270,Игра,Ведьмак 2,185
726,1264,Книга,Меньшее зло,290
727,1230,Книга,Кровная вражда,268
728,1244,Книга,«Вопрос цены»,222
729,1230,Книга,Ведьмак,281
730,1257,Книга,«Час презрения»,77
731,1244,Книга,«Вопрос цены»,30
732,1244,Книга,Вопрос цены,117
733,1272,Игра,Ведьмак 3,117
734,1230,Книга,«Ведьмак: Убивая чудовищ»,66
735,1272,Игра,Ведьмак 3,274
736,1272,Игра,Ведьмак 3,68
737,1266,Книга,«Сезон Гроз»,32
738,1247,Книга,«Вечный огонь»,250
739,1272,Игра,Ведьмак 3,295
740,1278,Игра,Гвинт,186
741,1272,Игра,Ведьмак 3,62
742,1272,Игра,Ведьмак 3,270
743,,,,74
744,1259,Книга,«Башня ласточки»,99
745,1250,Книга,«Край света»,170
746,1246,Книга,«Крещение огнём»,120
747,1230,Книга,Ведьмак,24
748,1254,Картинка,Генеалогии,48
749,1254,Картинка,«Генеалогии»,291
750,1270,Игра,Ведьмак 2,188
751,1247,Книга,«Вечный огонь»,123
752,1275,Игра,Кровь и Вино,198
753,1275,Игра,Кровь и Вино,141
754,1273,Игра,Каменные сердца,223
755,1260,Книга,«Владычица озера»,230
756,1275,Игра,Кровь и Вино,48
757,1254,Картинка,«Генеалогии»,150
758,1272,Игра,Ведьмак 3,272
759,1272,Игра,Ведьмак 3,296
760,1275,Игра,Кровь и Вино,55
761,1272,Игра,Ведьмак 3,156
762,1275,Игра,Кровь и Вино,87
763,1260,Книга,Владычица Озера,139
764,1260,Книга,«Владычица озера»,15
765,1230,Книга,Ведьмак,119
766,1275,Игра,Кровь и Вино,262
767,1275,Игра,Кровь и Вино,297
768,1230,Книга,Ведьмак,203
769,1257,Книга,«Час презрения»,273
770,1272,Игра,Ведьмак 3,297
771,1272,Игра,Ведьмак 3,1
772,1230,Книга,Ведьмак,45
773,1259,Книга,«Башня ласточки»,191
774,1246,Книга,«Крещение огнём»,127
775,1272,Игра,Ведьмак 3,62
776,1272,Игра,Ведьмак 3,103
777,1275,Игра,Кровь и Вино,50
778,1275,Игра,Кровь и Вино,156
779,1264,Книга,«Меньшее зло»,280
780,1252,Книга,«Осколок льда» (упоминание),108
781,1272,Игра,Ведьмак 3,261
782,1275,Игра,Кровь и Вино,35
783,1230,Книга,«Кровь эльфов»,155
784,1275,Игра,Кровь и Вино,101
785,1244,Книга,«Вопрос цены»,287
786,1230,Книга,Ведьмак,101
787,1246,Книга,«Крещение огнём»,162
788,1230,Книга,Кровная вражда,50
789,1272,Игра,Ведьмак 3,12
790,1256,Книга,«Немного жертвенности»,87
791,1230,Книга,«Ведьмак: Игра Воображения»,291
792,1272,Игра,Ведьмак 3,90
793,1230,Книга,Ведьмак,109
794,1270,Игра,Ведьмак 2,10
795,1272,Игра,Ведьмак 3,262
796,1270,Игра,Ведьмак 2,141
797,1230,Книга,«Ведьмак: Настольная Ролевая Игра»,214
798,1244,Книга,«Вопрос цены»,157
799,1272,Игра,Ведьмак 3,252
800,1272,Игра,Ведьмак 3,37
801,1230,Книга,Ведьмак,275
802,1270,Игра,Ведьмак 2,240
803,1273,Игра,Каменные сердца,176
804,1256,Книга,«Нечто большее»,209
805,1246,Книга,«Крещение огнём»,33
806,1248,Книга,«Предел возможного»,100
807,1275,Игра,Кровь и Вино,163
808,1270,Игра,Ведьмак 2,136
809,1272,Игра,Ведьмак 3,12
810,1230,Книга,«Башня Ласточки»,97
811,1272,Игра,Ведьмак 3,17
812,1230,Книга,«Кровь эльфов»,257
813,1270,Игра,Ведьмак 2,45
814,1257,Книга,«Час презрения»,119
815,1230,Книга,«Кровь эльфов»,60
816,1246,Книга,«Крещение огнём»,295
817,1272,Игра,Ведьмак 3,215
818,1253,Книга,«Что-то кончается,91
819,1230,Книга,«Ведьмак: Настольная Ролевая Игра»,50
820,1272,Игра,Ведьмак 3,253
821,1272,Игра,Ведьмак 3,79
822,1272,Игра,Ведьмак 3,86
823,1272,Игра,Ведьмак 3,79
824,1230,Книга,Кровная вражда,92
825,1252,Книга,«Осколок льда»,74
826,1230,Книга,«Кровь эльфов»,8
827,1273,Игра,Каменные сердца,39
828,1230,Книга,Кровная вражда,91
829,1278,Игра,Гвинт,126
830,1272,Игра,Ведьмак 3,44
831,1272,Игра,Ведьмак 3,35
832,1270,Игра,Ведьмак 2,52
833,1273,Игра,Каменные сердца,62
834,1275,Игра,Кровь и Вино,133
835,1230,Книга,Ведьмак,128
836,1246,Книга,«Крещение огнём»,299
837,1266,Книга,«Сезон Гроз»,127
838,1264,Книга,«Меньшее зло»,265
839,1270,Игра,Ведьмак 2,91
840,1272,Игра,Ведьмак 3,98
841,1272,Игра,Ведьмак 3,92
842,1230,Книга,Ведьмак,289
843,1275,Игра,Кровь и Вино,133
844,1257,Книга,«Час презрения»,150
845,1230,Книга,Кровная вражда,154
846,1266,Книга,«Сезон Гроз»,177
847,1249,Книга,«Крупица истины»,270
848,1270,Игра,Ведьмак 2,191
849,1257,Книга,«Час презрения»,289
850,1230,Книга,Ведьмак,25
851,1278,Игра,Гвинт,75
852,1272,Игра,Ведьмак 3,195
853,,,,215
854,1254,Картинка,«Генеалогии»,57
855,1260,Книга,«Владычица озера»,14
856,1272,Игра,Ведьмак 3,55
857,1272,Игра,Ведьмак 3,141
858,1272,Игра,Ведьмак 3,42
859,1260,Книга,«Владычица озера»,270
860,1260,Книга,«Владычица озера»,175
861,1272,Игра,Ведьмак 3,272
862,1272,Игра,Ведьмак 3,76
863,1270,Игра,Ведьмак 2,224
864,1272,Игра,Ведьмак 3,95
865,1247,Книга,«Вечный огонь»,208
866,1272,Игра,Ведьмак 3,64
867,1255,Книга,«Кровь Эльфов»,171
868,1244,Книга,«Глас рассудка»,67
869,1270,Игра,«Ведьмак 2: Убийцы Королей»,49
870,1272,Игра,Ведьмак 3,12
871,1272,Игра,Ведьмак 3,288
872,1264,Книга,«Меньшее зло»,300
873,1273,Игра,Каменные сердца,234
874,1272,Игра,Ведьмак 3,85
875,1230,Книга,«Ведьмак: Настольная Ролевая Игра»,267
876,1230,Книга,Кровная вражда,191
877,1270,Игра,Ведьмак 2,286
878,1257,Книга,«Час презрения»,101
879,1270,Игра,Ведьмак 2,51
880,1252,Книга,«Осколок льда»,177
881,,,,104
882,1230,Книга,Книги:«Кровь эльфов»,238
883,1257,Книга,«Час презрения»,123
884,1260,Книга,«Владычица озера»,3
885,1266,Книга,«Сезон Гроз»,14
886,1259,Книга,«Башня ласточки»,266
887,,,,250
888,1253,Книга,Книги:«Последнее желание»,112
889,1272,Игра,Ведьмак 3,172
890,1259,Книга,«Башня ласточки»,192
891,1230,Книга,«Башня Ласточки»,161
892,1273,Игра,Каменные сердца,57
893,1272,Игра,Ведьмак 3,115
894,1256,Книга,«Нечто большее»,160
895,1272,Игра,Ведьмак 3,34
896,1272,Игра,Ведьмак 3,28
897,1266,Книга,Сезон Гроз,124
898,1272,Игра,Ведьмак 3,86
899,1272,Игра,Ведьмак 3,184
900,1272,Игра,Ведьмак 3,269
901,1272,Игра,Ведьмак 3,134
902,1272,Игра,Ведьмак 3,37
903,1272,Игра,Ведьмак 3,217
904,1272,Игра,Ведьмак 3,226
905,1272,Игра,Ведьмак 3,290
906,1272,Игра,Ведьмак 3,251
907,1272,Игра,Ведьмак 3,79
908,1278,Игра,Гвинт,79
909,1272,Игра,Ведьмак 3,65
910,1272,Игра,Ведьмак 3,279
911,1254,Книга,"Меч Предназначения",1
912,1260,Книга,«Владычица озера»,204
913,1256,Книга,«Нечто большее»,181
914,1257,Книга,«Час презрения»,38
915,1259,Книга,«Башня ласточки»,5
916,1272,Игра,Ведьмак 3,137
917,1272,Игра,Ведьмак 3,4
918,1230,Книга,«Кровь эльфов»,100
919,,,,148
920,1273,Игра,Каменные сердца,257
921,1230,Книга,«Ведьмак: Игра Воображения»,11
922,1257,Книга,«Час презрения»,98
923,1257,Книга,«Час презрения»,135
924,1273,Игра,Каменные сердца,206
925,1272,Игра,Ведьмак 3,9
926,1254,Картинка,«Генеалогии»,260
927,1244,Книга,«Вопрос цены»,286
928,,,,92
929,1272,Игра,Ведьмак 3,264
930,1246,Книга,«Крещение огнём»,236
931,1230,Книга,Ведьмак,32
932,1275,Игра,Кровь и Вино,181
933,1264,Книга,«Меньшее зло»,215
934,1230,Книга,Ведьмак,258
935,1270,Игра,Ведьмак 2,206
936,1278,Игра,«Гвинт: Ведьмак. Карточная игра»,253
937,1230,Книга,Ведьмак,254
938,1259,Книга,«Башня ласточки»,197
939,1272,Игра,Ведьмак 3,47
940,1272,Игра,Ведьмак 3,144
941,1272,Игра,Ведьмак 3,217
942,1272,Игра,Ведьмак 3,78
943,1272,Игра,Ведьмак 3,106
944,1257,Книга,«Час презрения»,237
945,1254,Картинка,«Генеалогии»,62
946,1272,Игра,Ведьмак 3,237
947,1230,Книга,«Кровь эльфов»,218
948,1272,Игра,Ведьмак 3,143
949,1230,Книга,Ведьмак,89
950,1272,Игра,Ведьмак 3,22
951,1230,Книга,Ведьмак,232
952,1260,Книга,«Владычица озера»,4
953,1259,Книга,«Башня ласточки»,113
954,1264,Книга,«Меньшее зло»,171
955,1259,Книга,«Башня ласточки»,147
956,1272,Игра,Ведьмак 3,49
957,1272,Игра,Ведьмак 3,208
958,1230,Книга,«Ведьмак: Игра Воображения»,55
959,1272,Игра,Ведьмак 3,12
960,1230,Книга,«Кровь эльфов»,200
961,1272,Игра,Ведьмак 3,270
962,1230,Книга,Ведьмак,42
963,1273,Игра,Каменные сердца,53
964,1257,Книга,«Час презрения»,48
965,1272,Игра,Ведьмак 3,14
966,1266,Книга,«Сезон Гроз»,81
967,1260,Книга,«Владычица озера»,128
968,1275,Игра,Кровь и Вино,92
969,1257,Книга,«Час презрения»,8
970,1273,Игра,Каменные сердца,55
971,1260,Книга,Владычица Озера,62
972,1230,Книга,Ведьмак,146
973,1278,Игра,Гвинт,254
974,1230,Книга,Кровная вражда,291
975,1248,Книга,«Предел возможного»,86
976,1254,Картинка,«Генеалогии»,100
977,1272,Игра,Ведьмак 3,119
978,1259,Книга,«Дорога без возврата»,62
979,1270,Игра,Ведьмак 2,263
980,1264,Книга,«Меньшее зло»,261
981,1272,Игра,Ведьмак 3,57
982,1260,Книга,«Владычица Озера»,296
983,1272,Игра,Ведьмак 3,67
984,1259,Книга,«Башня ласточки»,55
985,1230,Книга,«Башня Ласточки»,122
986,1230,Книга,Ведьмак,8
987,,,,218
988,1260,Книга,«Владычица озера»,158
989,1260,Книга,«Владычица Озера»,102
990,1260,Книга,«Владычица озера»,190
991,1272,Игра,Ведьмак 3,151
992,1257,Книга,«Час презрения»,203
993,1257,Книга,«Час презрения»,82
994,1254,Картинка,«Генеалогии»,295
995,1254,Картинка,«Генеалогии»,113
996,1272,Игра,Ведьмак 3,267
997,1273,Игра,Каменные сердца,105
998,1272,Игра,Ведьмак 3,300
999,1275,Игра,Кровь и Вино,282
1000,1230,Книга,«Ведьмак: Убивая чудовищ»,280
1001,1230,Книга,Ведьмак,266
1002,1273,Игра,Каменные сердца,91
1003,1273,Игра,Каменные сердца,233
1004,1230,Книга,Ведьмак,182
1005,1273,Игра,Каменные сердца,252
1006,1278,Игра,Гвинт,34
1007,1272,Игра,Ведьмак 3,235
1008,1272,Игра,Ведьмак 3,243
1009,1272,Игра,Ведьмак 3,170
1010,1260,Книга,«Владычица Озера»,112
1011,1266,Книга,Сезон Гроз,97
1012,1257,Книга,«Час презрения»,266
1013,1254,Книга,«Меч Предназначения»,93
1014,1248,Книга,«Предел возможного»,215
1015,1260,Книга,«Владычица озера»,85
1016,1230,Книга,«Кровь эльфов»,265
1017,1230,Книга,Кровная вражда,275
1018,1275,Игра,Кровь и Вино,144
1019,1230,Книга,Башня Ласточки,43
1020,1278,Игра,Гвинт,158
1021,1272,Игра,Ведьмак 3,92
1022,1246,Книга,Крещение огнём,155
1023,1272,Игра,Ведьмак 3,277
1024,1260,Книга,«Владычица озера»,171
1025,1246,Книга,«Крещение огнём»,207
1026,1230,Книга,Ведьмак,254
1027,1230,Книга,Башня Ласточки,50
1028,1266,Книга,Сезон Гроз,146
1029,1254,Картинка,«Генеалогии»,89
1030,1244,Книга,«Вопрос цены»,30
1031,1230,Книга,Ведьмак,189
1032,1260,Книга,«Владычица озера»,213
1033,1272,Игра,Ведьмак 3,31
1034,1259,Книга,«Дорога без возврата»,25
1035,1272,Игра,Ведьмак 3,295
1036,1275,Игра,Кровь и Вино,225
1037,1252,Книга,«Осколок льда»,228
1038,1230,Книга,«Ведьмак»,155
1039,1250,Книга,«Край света»,81
1040,1272,Игра,Ведьмак 3,298
1041,1270,Игра,Ведьмак 2,185
1042,1260,Книга,«Владычица озера»,294
1043,1270,Игра,Ведьмак 2,215
1044,1257,Книга,«Час презрения»,3
1045,1254,Картинка,«Генеалогии»,221
1046,1272,Игра,Ведьмак 3,200
1047,1230,Книга,Ведьмак,94
1048,1278,Игра,«Гвинт: Ведьмак. Карточная игра»,145
1049,1275,Игра,Кровь и Вино,227
1050,1246,Книга,«Крещение огнём»,295
1051,1275,Игра,Кровь и Вино,14
1052,1272,Игра,Ведьмак 3,0
1053,1272,Игра,Ведьмак 3,180
1054,1250,Книга,«Край света»,83
1055,1257,Книга,«Час презрения»,172
1056,1272,Игра,Ведьмак 3,278
1057,1244,Книга,«Вопрос цены»,30
1058,1257,Книга,Книги:«Час презрения»,26
1059,1253,Книга,«Последнее желание»,295
1060,1270,Игра,Ведьмак 2,213
1061,1272,Игра,Ведьмак 3,281
1062,1230,Книга,Ведьмак,124
1063,1275,Игра,Кровь и Вино,241
1064,1230,Книга,Ведьмак,47
1065,1246,Книга,«Крещение огнём»,42
1066,1273,Игра,Каменные сердца,224
1067,1275,Игра,Кровь и Вино,292
1068,1278,Игра,Гвинт,58
1069,1248,Книга,«Предел возможного»,87
1070,1266,Книга,«Сезон Гроз»,170
1071,1257,Книга,«Час презрения»,156
1072,1275,Игра,Кровь и Вино,217
1073,1254,Картинка,«Генеалогии»,137
1074,1272,Игра,Ведьмак 3,240
1075,1230,Книга,Ведьмак,97
1076,1272,Игра,Ведьмак 3,177
1077,1272,Игра,Ведьмак 3,14
1078,1230,Книга,Ведьмак,185
1079,1230,Книга,Ведьмак,182
1080,1272,Игра,Ведьмак 3,43
1081,1272,Игра,Ведьмак 3,169
1082,1272,Игра,Ведьмак 3,68
1083,1272,Игра,Ведьмак 3,225
1084,1230,Книга,Ведьмак,199
1085,1272,Игра,Ведьмак 3,179
1086,1272,Игра,Ведьмак 3,76
1087,1272,Игра,Ведьмак 3,19
1088,1272,Игра,Ведьмак 3,105
1089,1230,Книга,Ведьмак,240
1090,1272,Игра,Ведьмак 3,157
1091,1230,Книга,Кровная вражда,294
1092,1272,Игра,Ведьмак 3,65
1093,1275,Игра,Кровь и Вино,80
1094,1230,Книга,Кровная вражда,68
1095,1253,Книга,«Последнее желание»,167
1096,1230,Книга,«Ведьмак: Благо народа»,1
1097,1275,Игра,Кровь и Вино,127
1098,,,,151
1099,1260,Книга,«Владычица озера»,172
1100,1230,Книга,«Кровь эльфов»,272
1101,1230,Книга,«Ведьмак: Игра Воображения»,115
1102,1246,Книга,Крещение огнём,52
1103,1257,Книга,«Час презрения»,32
1104,1230,Книга,Кровная вражда,59
1105,1230,Книга,Час Презрения,146
1106,1272,Игра,Ведьмак 3,19
1107,1275,Игра,Кровь и Вино,222
1108,1254,Книга,«Меч Предназначения»,123
1109,1266,Книга,«Сезон Гроз»,299
1110,1273,Игра,Каменные сердца,35
1111,1272,Игра,Ведьмак 3,137
1112,1272,Игра,Ведьмак 3,89
1113,1272,Игра,Ведьмак 3,52
1114,1275,Игра,Кровь и Вино,260
1115,1249,Книга,«Крупица истины»,37
1116,1230,Книга,Ведьмак,152
1117,1246,Книга,«Крещение огнём»,29
1118,1260,Книга,«Владычица озера»,235
1119,1272,Игра,Ведьмак 3,86
1120,1270,Игра,Ведьмак 2,165
1121,1272,Игра,Ведьмак 3,44
1122,1272,Игра,Ведьмак 3,271
1123,1270,Игра,Ведьмак 2,275
1124,1257,Книга,«Час презрения»,22
1125,1270,Игра,Ведьмак 2,232
1126,1230,Книга,Ведьмак,22
1127,1272,Игра,Ведьмак 3,144
1128,1257,Книга,«Час презрения»,1
1129,1260,Книга,«Владычица озера»,90
1130,1275,Игра,Кровь и Вино,230
1131,1254,Картинка,«Генеалогии»,159
1132,1264,Книга,«Меньшее зло»,216
1133,1270,Игра,Ведьмак 2,42
1134,1230,Книга,«Кровь эльфов»,195
1135,1272,Игра,Ведьмак 3,64
1136,1253,Книга,«Что-то кончается,114
1137,1244,Книга,Маг-Отступник,232
1138,1264,Книга,«Меньшее зло»,3
1139,1250,Книга,«Край света»,266
1140,1272,Игра,Ведьмак 3,266
1141,,,,26
1142,1230,Книга,«Кровь эльфов»,136
1143,1266,Книга,«Сезон Гроз»,193
1144,,,,73
1145,1230,Книга,Кровная вражда,65
1146,1275,Игра,Кровь и Вино,262
1147,1230,Книга,Ведьмак,278
1148,1230,Книга,«Кровь эльфов»,255
1149,1272,Игра,Ведьмак 3,87
1150,1230,Книга,Ведьмак,47
1151,1270,Игра,Ведьмак 2,6
1152,1272,Игра,Ведьмак 3,224
1153,1272,Игра,Ведьмак 3,50
1154,1230,Книга,Кровная вражда,234
1155,1230,Книга,Кровная вражда,155
1156,1230,Книга,Кровная вражда,225
1157,1260,Книга,«Владычица озера»,18
1158,1230,Книга,Ведьмак,116
1159,1275,Игра,Кровь и Вино,153
1160,1272,Игра,Ведьмак 3,61
1161,1230,Книга,Ведьмак,133
1162,1256,Книга,«Нечто большее»,13
1163,1272,Игра,Ведьмак 3,187
1164,1272,Игра,Ведьмак 3,291
1165,1272,Игра,Ведьмак 3,4
1166,1275,Игра,Кровь и Вино,12
1167,1275,Игра,Кровь и Вино,213
1168,1270,Игра,Ведьмак 2,217
1169,1272,Игра,Ведьмак 3,149
1170,1246,Книга,«Крещение огнём»,286
1171,1272,Игра,Ведьмак 3,297
1172,1244,Книга,«Глас рассудка»,165
1173,1272,Игра,Ведьмак 3,140
1174,1272,Игра,Ведьмак 3,62
1175,1272,Игра,Ведьмак 3,23
1176,1272,Игра,Ведьмак 3,266
1177,1230,Книга,Кровная вражда,235
1178,1270,Игра,Ведьмак 2,204
1179,1272,Игра,Ведьмак 3,199
1180,1272,Игра,Ведьмак 3,159
1181,1273,Игра,Каменные сердца,122
1182,1275,Игра,Кровь и Вино,256
1183,1278,Игра,Гвинт,52
1184,1272,Игра,Ведьмак 3,173
1185,1254,Книга,«Меч Предназначения»,234
1186,1266,Книга,Сезон Гроз,41
1187,1272,Игра,Ведьмак 3,24
1188,1272,Игра,Ведьмак 3,4
1189,1275,Игра,Кровь и Вино,181
1190,1273,Игра,Каменные сердца,47
1191,1260,Книга,«Владычица озера»,293
1192,,,,109
1193,1250,Книга,«Край света»,74
1194,1272,Игра,Ведьмак 3,272
1195,1272,Игра,Ведьмак 3,237
1196,1230,Книга,Час Презрения,16
1197,1230,Книга,«Кровь эльфов»,235
1198,1247,Книга,«Вечный огонь»,4
1199,1273,Игра,Каменные сердца,255
1200,1275,Игра,Кровь и Вино,265
1201,1270,Игра,Ведьмак 2,162
1202,1270,Игра,Ведьмак 2,242
1203,1272,Игра,Ведьмак 3,128
1204,1275,Игра,Кровь и Вино,58
1205,1275,Игра,Кровь и Вино,163
1206,1275,Игра,Кровь и Вино,117
1207,1270,Игра,Ведьмак 2,85
1208,1278,Игра,Гвинт,37
1209,1275,Игра,Кровь и Вино,144
1210,1278,Игра,Гвинт,25
1211,1230,Книга,«Башня Ласточки»,205
1212,1266,Книга,Сезон Гроз,13
1213,1272,Игра,Ведьмак 3,236
1214,1278,Игра,Гвинт,126
1215,1272,Игра,Ведьмак 3,23
1216,1275,Игра,Кровь и Вино,292
1217,1230,Книга,Книги:«Сезон Гроз»Игры:«Каменные сердца»,233
1218,1260,Книга,«Владычица озера»,134
1219,1270,Игра,Ведьмак 2,32
1220,1257,Книга,«Час презрения»,277
1221,1270,Игра,Ведьмак 2,12
1222,1260,Книга,«Владычица озера»,16
1223,1230,Книга,Ведьмак,14
1224,1278,Игра,Гвинт,88
1225,1259,Книга,«Дорога без возврата»,219
1226,1257,Книга,«Час презрения»,199
1227,1270,Игра,Ведьмак 2,8
1228,1270,Игра,Ведьмак 2,64
1229,1272,Игра,Ведьмак 3,169
1230,1272,Игра,Ведьмак 3,238
1231,1230,Книга,«Ведьмак: Из плоти и пламени»,104
1232,1272,Игра,Ведьмак 3,200
1233,1272,Игра,Ведьмак 3,129
1234,1257,Книга,«Час презрения»,90
1235,1275,Игра,Кровь и Вино,45
1236,1257,Книга,«Час презрения»,243
1237,1230,Книга,«Башня Ласточки»,16
1238,1275,Игра,Кровь и Вино,125
1239,1270,Игра,Ведьмак 2,57
1240,1272,Игра,Ведьмак 3,270
1241,1264,Книга,«Меньшее зло»,0
1242,,,,279
1243,1254,Картинка,«Генеалогии»,62
1244,1272,Игра,Ведьмак 3,71
1245,1254,Картинка,«Генеалогии»,48
1246,1270,Игра,«Ведьмак 2: Убийцы Королей»,100
1247,1270,Игра,Ведьмак 2,61
1248,1254,Книга,«Меч Предназначения»,163
1249,1275,Игра,Кровь и Вино,228
1250,1230,Книга,Ведьмак,17
1251,1230,Книга,«Ведьмак: Благо народа»,252
1252,1257,Книга,«Час презрения»,203
1253,1272,Игра,Ведьмак 3,99
1254,1230,Книга,«Башня Ласточки»,72
1255,1230,Книга,«Кровь эльфов»,143
1256,1230,Книга,«Кровь эльфов»,263
1257,1254,Картинка,«Генеалогии»,193
1258,1272,Игра,Ведьмак 3,279
1259,1272,Игра,Ведьмак 3,226
1260,1230,Книга,Ведьмак,145
1261,1260,Книга,«Владычица озера»,218
1262,1272,Игра,Ведьмак 3,156
1263,1275,Игра,Кровь и Вино,148
1264,1230,Книга,«Ведьмак: Дом витражей»,161
1265,1266,Книга,«Сезон Гроз»,278
1266,,,,292
1267,1272,Игра,Ведьмак 3,42
1268,1275,Игра,Кровь и Вино,13
1269,1275,Игра,Кровь и Вино,131
1270,1256,Книга,«Немного жертвенности»,251
1271,1230,Книга,Ведьмак,142
1272,1275,Игра,Кровь и Вино,101
1273,1272,Игра,Ведьмак 3,183
1274,1272,Игра,Ведьмак 3,265
1275,1273,Игра,Каменные сердца,132
1276,1243,Книга,Охотник на чудовищ,272
1277,1233,Книга,«Когти и клыки»,3
1278,1278,Игра,Гвинт,227
1279,1272,Игра,Ведьмак 3,247
1280,1275,Игра,Кровь и Вино,11
1281,1259,Книга,«Башня ласточки»,181
1282,1270,Игра,Ведьмак 2,83
1283,1272,Игра,Ведьмак 3,76
1284,1278,Игра,Гвинт,78
1285,1272,Игра,Ведьмак 3,43
1286,1260,Книга,«Владычица Озера»,284
1287,1273,Игра,Каменные сердца,44
1288,1244,Книга,«Угрызения совести»,106
1289,1272,Игра,Ведьмак 3,124
1290,1270,Игра,Ведьмак 2,283
1291,1230,Книга,Кровная вражда,225
1292,1230,Книга,«Ведьмак»,239
1293,1272,Игра,Ведьмак 3,19
1294,1230,Книга,Ведьмак,106
1295,1270,Игра,Ведьмак 2,119
1296,1278,Игра,Гвинт,292
1297,1230,Книга,Ведьмак,224
1298,1272,Игра,Ведьмак 3,289
1299,1273,Игра,Каменные сердца,233
1300,1275,Игра,Кровь и Вино,275
1301,1230,Книга,Ведьмак,296
1302,1256,Книга,«Немного жертвенности»,76
1303,1275,Игра,Кровь и Вино,229
1304,1272,Игра,Ведьмак 3,33
1305,1272,Игра,Ведьмак 3,65
1306,1272,Игра,Ведьмак 3,229
1307,1278,Игра,Гвинт,164
1308,1278,Игра,Гвинт,123
1309,1266,Книга,«Сезон Гроз»,93
1310,1246,Книга,«Крещение огнём»,31
1311,1272,Игра,Ведьмак 3,220
1312,1272,Игра,Ведьмак 3,124
1313,1273,Игра,Каменные сердца,56
1314,1278,Игра,Гвинт,219
1315,1230,Книга,Ведьмак,186
1316,1259,Книга,"Дорога без возврата (книга)",143
1317,1272,Игра,Ведьмак 3,138
1318,1257,Книга,Книги:«Час презрения»Игры:«Ведьмак»,138
1319,1278,Игра,Гвинт,164
1320,1246,Книга,«Крещение огнём»,185
1321,1230,Книга,Ведьмак,91
1322,1230,Книга,Кровная вражда,104
1323,1272,Игра,Ведьмак 3,31
1324,1254,Картинка,«Генеалогии»,108
1325,1260,Книга,«Владычица озера»,224
1326,1246,Книга,«Крещение огнём»,250
1327,1273,Игра,Каменные сердца,268
1328,1260,Книга,«Владычица озера»,3
1329,1259,Книга,«Башня ласточки»,185
1330,1272,Игра,Ведьмак 3,24
1331,1248,Книга,«Предел возможного» (комикс),273
1332,1248,Книга,«Предел возможного»,284
1333,1272,Игра,Ведьмак 3,170
1334,1230,Книга,Ведьмак,192
1335,1270,Игра,Ведьмак 2,91
1336,1230,Книга,«Кровь эльфов»,115
1337,1278,Игра,Гвинт,280
1338,1257,Книга,«Час презрения»,256
1339,1230,Книга,Ведьмак,53
1340,1275,Игра,Кровь и Вино,161
1341,1256,Книга,«Немного жертвенности»,225
1342,1272,Игра,Ведьмак 3,173
1343,1275,Игра,Кровь и Вино,121
1344,1259,Книга,«Башня ласточки»,128
1345,1230,Книга,Ведьмак,71
1346,1230,Книга,Ведьмак,4
1347,1272,Игра,Ведьмак 3,153
1348,1270,Игра,Ведьмак 2,37
1349,,,,109
1350,1272,Игра,Ведьмак 3,92
1351,1266,Книга,Сезон Гроз,54
1352,1272,Игра,Ведьмак 3,81
1353,1272,Игра,Ведьмак 3,0
1354,1257,Книга,«Час презрения»,120
1355,1272,Игра,Ведьмак 3,281
1356,1272,Игра,«Ведьмак 3: Дикая Охота»,107
1357,1275,Игра,Кровь и Вино,11
1358,1272,Игра,Ведьмак 3,76
1359,1230,Книга,Ведьмак,80
1360,1278,Игра,«Гвинт: Ведьмак. Карточная игра»,100
1361,1270,Игра,Ведьмак 2,149
1362,1272,Игра,Ведьмак 3,79
1363,1272,Игра,Ведьмак 3,185
1364,1246,Книга,«Крещение огнём»,207
1365,1272,Игра,Ведьмак 3,174
1366,1246,Книга,«Крещение огнём»,163
1367,1230,Книга,Кровная вражда,149
1368,1272,Игра,Ведьмак 3,274
1369,1230,Книга,«Кровь эльфов»,230
1370,1272,Игра,Ведьмак 3,6
1371,1244,Книга,«Вопрос цены»,138
1372,,,,45
1373,1230,Книга,«Кровь эльфов»,117
1374,1260,Книга,«Владычица озера»,50
1375,1230,Книга,«Кровь эльфов»,154
1376,1230,Книга,«Ведьмак: Игра Воображения»,108
1377,1230,Книга,«Ведьмак: Убивая чудовищ»,48
1378,1259,Книга,«Башня ласточки»,55
1379,1272,Игра,Ведьмак 3,286
1380,1230,Книга,Книги:«Крещение огнём»Игры:«Ведьмак 3: Дикая Охота»,265
1381,1278,Игра,Гвинт,192
1382,1230,Книга,Ведьмак,300
1383,1230,Книга,Ведьмак,204
1384,1260,Книга,«Владычица озера»,297
1385,1257,Книга,«Час презрения»,282
1386,1250,Книга,«Край света»,73
1387,1272,Игра,Ведьмак 3,6
1388,1273,Игра,Каменные сердца,117
1389,1272,Игра,Ведьмак 3,224
1390,1230,Книга,Ведьмак,237
1391,1278,Игра,Гвинт,157
1392,1253,Книга,«Последнее желание»,278
1393,1275,Игра,Кровь и Вино,227
1394,1248,Книга,«Предел возможного»,162
1395,1244,Книга,«Вопрос цены»,242
1396,1275,Игра,Кровь и Вино,177
1397,1272,Игра,Ведьмак 3,166
1398,1272,Игра,Ведьмак 3,131
1399,1230,Книга,«Башня Ласточки»,25
1400,1230,Книга,«Ведьмак: Из плоти и пламени»,105
1401,1275,Игра,Кровь и Вино,15
1402,1249,Книга,«Крупица истины»,118
1403,1272,Игра,Ведьмак 3,228
1404,1260,Книга,Владычица Озера,18
1405,1266,Книга,«Сезон Гроз»,283
1406,1259,Книга,«Башня ласточки»,15
1407,1230,Книга,Кровная вражда,43
1408,,,,39
1409,1260,Книга,«Владычица озера»,243
1410,1273,Игра,Каменные сердца,127
1411,1272,Игра,Ведьмак 3,290
1412,1272,Игра,Ведьмак 3,43
1413,1272,Игра,Ведьмак 3,213
1414,1264,Книга,«Меньшее зло»,117
1415,1246,Книга,«Крещение огнём»,219
1416,1257,Книга,«Час презрения»,40
1417,1257,Книга,«Час презрения»,77
1418,1266,Книга,«Сезон Гроз»,158
1419,1230,Книга,Ведьмак,189
1420,1272,Игра,Ведьмак 3,254
1421,1230,Книга,Ведьмак,218
1422,1257,Книга,«Час презрения»,132
1423,1272,Игра,Ведьмак 3,101
1424,1278,Игра,Гвинт,98
1425,1248,Книга,«Предел возможного»,12
1426,1230,Книга,Башня Ласточки,223
1427,,,,260
1428,1264,Книга,«Меньшее зло»,217
1429,1273,Игра,Каменные сердца,90
1430,,,,296
1431,1273,Игра,Каменные сердца,51
1432,1273,Игра,Каменные сердца,47
1433,1270,Игра,Ведьмак 2,63
1434,1230,Книга,Ведьмак,174
1435,1272,Игра,Ведьмак 3,66
1436,1264,Книга,«Меньшее зло»,220
1437,1272,Игра,Ведьмак 3,2
1438,1272,Игра,Ведьмак 3,263
1439,1244,Книга,«Глас рассудка»,251
1440,1270,Игра,Ведьмак 2,116
1441,1260,Книга,«Владычица озера»,28
1442,1230,Книга,Кровная вражда,71
1443,1230,Книга,«Ведьмак: Благо народа»,40
1444,1270,Игра,Ведьмак 2,188
1445,1246,Книга,Крещение огнём,66
1446,1272,Игра,Ведьмак 3,183
1447,1270,Игра,Ведьмак 2,45
1448,1260,Книга,«Владычица озера»,181
1449,1275,Игра,Кровь и Вино,274
1450,1275,Игра,Кровь и Вино,171
1451,1275,Игра,Кровь и Вино,51
1452,1230,Книга,Ведьмак,161
1453,1272,Игра,Ведьмак 3,116
1454,1270,Игра,Ведьмак 2,143
1455,1272,Игра,Ведьмак 3,240
1456,1257,Книга,«Час презрения»,174
1457,1230,Книга,Кровная вражда,44
1458,1248,Книга,«Предел возможного»,255
1459,1278,Игра,Гвинт,26
1460,1260,Книга,«Владычица озера»,189
1461,1272,Игра,Ведьмак 3,189
1462,1272,Игра,Ведьмак 3,284
1463,1254,Картинка,«Генеалогии»,223
1464,1230,Книга,«Ведьмак: Настольная Ролевая Игра»,34
1465,1272,Игра,Ведьмак 3,241
1466,1272,Игра,Ведьмак 3,18
1467,1275,Игра,Кровь и Вино,178
1468,1259,Книга,«Башня ласточки»,259
1469,1272,Игра,Ведьмак 3,216
1470,1272,Игра,Ведьмак 3,251
1471,1272,Игра,Ведьмак 3,98
1472,1273,Игра,Каменные сердца,233
1473,1230,Книга,«Кровь эльфов»,86
1474,1270,Игра,Ведьмак 2,200
1475,1247,Книга,«Вечный огонь»,295
1476,1266,Книга,«Сезон гроз»,110
1477,1273,Игра,Каменные сердца,37
1478,1270,Игра,Ведьмак 2,76
1479,1230,Книга,Ведьмак,162
1480,1260,Книга,"Владычица Озера",15
1481,1230,Книга,Книги:«Кровь эльфов»,106
1482,1275,Игра,Кровь и Вино,232
1483,1246,Книга,Крещение огнём,120
1484,1257,Книга,«Час презрения»,133
1485,1273,Игра,Каменные сердца,284
1486,1272,Игра,Ведьмак 3,70
1487,1266,Книга,«Сезон Гроз»,272
1488,1230,Книга,Ведьмак,194
1489,1230,Книга,Ведьмак,223
1490,1272,Игра,Ведьмак 3,212
1491,1266,Книга,«Сезон Гроз»,2
1492,1230,Книга,Кровная вражда,210
1493,1230,Книга,«Ведьмак»,141
1494,1275,Игра,Кровь и Вино,130
1495,1230,Книга,Ведьмак,49
1496,1275,Игра,Кровь и Вино,267
1497,1272,Игра,Ведьмак 3,209
1498,1272,Игра,Ведьмак 3,147
1499,1272,Игра,Ведьмак 3,7
1500,1266,Книга,Сезон Гроз,4
1501,1254,Картинка,«Генеалогии»,126
1502,1230,Книга,Ведьмак,105
1503,1230,Книга,Ведьмак,20
1504,1278,Игра,Гвинт,185
1505,1230,Книга,Ведьмак,15
1506,1278,Игра,Гвинт,139
1507,1272,Игра,Ведьмак 3,141
1508,1275,Игра,Кровь и Вино,181
1509,1260,Книга,«Владычица озера»,188
1510,1272,Игра,Ведьмак 3,220
1511,1272,Игра,Ведьмак 3,161
1512,1272,Игра,Ведьмак 3,214
1513,1244,Книга,«Вопрос цены»,65
1514,1278,Игра,Гвинт,101
1515,1272,Игра,Ведьмак 3,178
1516,1259,Книга,«Башня ласточки»,233
1517,1266,Книга,«Сезон Гроз»,46
1518,1230,Книга,Кровная вражда,107
1519,1266,Книга,"Сезон Гроз",138
1520,1230,Книга,Ведьмак,33
1521,1230,Книга,Ведьмак,77
1522,1230,Книга,Ведьмак,7
1523,1272,Игра,Ведьмак 3,54
1524,1230,Книга,Ведьмак,262
1525,1272,Игра,Ведьмак 3,241
1526,1275,Игра,Кровь и Вино,176
1527,1272,Игра,Ведьмак 3,265
1528,1230,Книга,«Кровь эльфов»,158
1529,1275,Игра,Кровь и Вино,240
1530,1266,Книга,«Сезон Гроз»,138
1531,1272,Игра,Ведьмак 3,49
1532,1230,Книга,Ведьмак,44
1533,1275,Игра,Кровь и Вино,167
1534,1272,Игра,Ведьмак 3,282
1535,1230,Книга,Башня Ласточки,135
1536,1252,Книга,«Осколок льда»,104
1537,1275,Игра,Кровь и Вино,114
1538,1246,Книга,«Крещение огнём»,190
1539,,,,101
1540,1272,Игра,Ведьмак 3,91
1541,1273,Игра,Каменные сердца,219
1542,1272,Игра,Ведьмак 3,28
1543,1272,Игра,Ведьмак 3,140
1544,1257,Книга,«Час презрения»,125
1545,1230,Книга,Ведьмак,37
1546,1266,Книга,Сезон Гроз,230
1547,1272,Игра,Ведьмак 3,143
1548,1260,Книга,«Владычица озера»,79
1549,1257,Книга,«Час презрения»,104
1550,1259,Книга,«Башня ласточки»,249
1551,1275,Игра,Кровь и Вино,300
1552,1266,Книга,Сезон Гроз,20
1553,1275,Игра,Кровь и Вино,209
1554,1272,Игра,Ведьмак 3,21
1555,1275,Игра,Кровь и Вино,138
1556,1275,Игра,Кровь и Вино,23
1557,1266,Книга,«Сезон Гроз»,89
1558,1230,Книга,Ведьмак,198
1559,1244,Книга,Вопрос цены,44
1560,1256,Книга,«Нечто большее»,254
1561,1270,Игра,Ведьмак 2,66
1562,1257,Книга,«Час презрения»,77
1563,1272,Игра,Ведьмак 3,184
1564,1230,Книга,Ведьмак,8
1565,1275,Игра,Кровь и Вино,93
1566,1272,Игра,Ведьмак 3,139
1567,1230,Книга,«Ведьмак: Игра Воображения»,173
1568,1270,Игра,Ведьмак 2,168
1569,1246,Книга,Крещение огнем,73
1570,1230,Книга,«Башня Ласточки»,6
1571,1275,Игра,Кровь и Вино,214
1572,1272,Игра,Ведьмак 3,53
1573,1230,Книга,Ведьмак,75
1574,1272,Игра,Ведьмак 3,106
1575,1272,Игра,Ведьмак 3,191
1576,1230,Книга,Ведьмак,142
1577,1270,Игра,Ведьмак 2,266
1578,1272,Игра,Ведьмак 3,85
1579,1249,Книга,«Крупица истины»,113
1580,1272,Игра,Ведьмак 3,212
1581,1260,Книга,«Владычица Озера»,245
1582,1272,Игра,Ведьмак 3,104
1583,1270,Игра,Ведьмак 2,274
1584,1270,Игра,Ведьмак 2,186
1585,1273,Игра,Каменные сердца,248
1586,1272,Игра,Ведьмак 3,164
1587,1253,Книга,Книги:«Последнее желание»,161
1588,1266,Книга,Сезон Гроз,22
1589,1230,Книга,Ведьмак,123
1590,1266,Книга,«Сезон Гроз»,83
1591,1260,Книга,"Владычица Озера",46
1592,1272,Игра,Ведьмак 3,199
1593,1266,Книга,Сезон Гроз,132
1594,1272,Игра,Ведьмак 3,240
1595,1260,Книга,«Владычица озера»,119
1596,1256,Книга,«Немного жертвенности»,133
1597,1275,Игра,Кровь и Вино,287
1598,1272,Игра,Ведьмак 3,259
1599,1273,Игра,Каменные сердца,158
1600,1244,Книга,«Вопрос цены»,233
1601,,,,137
1602,1270,Игра,Ведьмак 2,238
1603,1272,Игра,Ведьмак 3,207
1604,1230,Книга,«Кровная вражда: Ведьмак. Истории»,238
1605,1252,Книга,«Осколок льда»,65
1606,1230,Книга,«Ведьмак: Из плоти и пламени»,132
1607,1259,Книга,«Дорога без возврата»,4
1608,1230,Книга,«Кровь эльфов»,59
1609,1272,Игра,Ведьмак 3,283
1610,1257,Книга,Книги:«Час презрения»Игры:«Ведьмак 3: Дикая Охота»,284
1611,1230,Книга,«Кровь эльфов»,65
1612,1254,Картинка,«Генеалогии»,264
1613,1230,Книга,«Кровь эльфов»,170
1614,1272,Игра,«Ведьмак 3: Дикая Охота»,150
1615,1260,Книга,«Владычица озера»,28
1616,1230,Комикс,«Предательство»,7
1617,1273,Игра,Каменные сердца,136
1618,1230,Книга,Ведьмак,294
1619,1244,Книга,«Вопрос цены»,75
1620,1230,Книга,«Кровь эльфов»,164
1621,1259,Книга,«Башня ласточки»,254
1622,1270,Игра,Ведьмак 2,88
1623,1257,Книга,«Час презрения»,153
1624,1230,Книга,Ведьмак,280
1625,1275,Игра,Кровь и Вино,243
1626,1230,Книга,Ведьмак,149
1627,1275,Игра,Кровь и Вино,230
1628,1275,Игра,Кровь и Вино,132
1629,1260,Книга,«Владычица озера»,178
1630,1254,Картинка,«Генеалогии»,117
1631,1272,Игра,Ведьмак 3,46
1632,1257,Книга,«Час презрения»,142
1633,1272,Игра,Ведьмак 3,121
1634,1273,Игра,Каменные сердца,5
1635,1275,Игра,Кровь и Вино,113
1636,1257,Книга,Книги:«Час презрения»Игры:«Ведьмак 2: Убийцы Королей»,27
1637,1248,Книга,«Предел возможного»,120
1638,1230,Книга,Книги: «Кровь эльфов»Игры: «Кровная вражда: Ведьмак. Истории»,48
1639,1257,Книга,«Час презрения»,110
1640,1275,Игра,Кровь и Вино,231
1641,1257,Книга,«Час презрения»,192
1642,1230,Книга,Ведьмак,81
1643,1246,Книга,«Крещение огнём»,120
1644,1230,Книга,«Башня Ласточки»,11
1645,,,,245
1646,1272,Игра,Ведьмак 3,82
1647,1257,Книга,«Час презрения»,148
1648,1230,Книга,Ведьмак,290
1649,1230,Комикс,«Предательство»,263
1650,1270,Игра,Ведьмак 2,270
1651,1264,Книга,«Меньшее зло»,144
1652,,,,29
1653,1260,Книга,«Владычица озера»,290
1654,1260,Книга,«Владычица озера»,180
1655,1246,Книга,«Крещение огнём»,237
1656,1270,Игра,Ведьмак 2,63
1657,1230,Книга,Ведьмак,293
1658,1254,Картинка,«Генеалогии»,42
1659,1230,Книга,«Кровь эльфов»,127
1660,1272,Игра,Ведьмак 3,294
1661,1278,Игра,Гвинт,178
1662,1246,Книга,«Крещение огнём»,283
1663,1230,Книга,«Ведьмак: Настольная Ролевая Игра»,4
1664,1259,Книга,«Башня ласточки»,183
1665,1230,Книга,Ведьмак,115
1666,1266,Книга,Сезон Гроз,255
1667,1230,Книга,«Кровь эльфов»,229
1668,1260,Книга,«Владычица озера»,179
1669,1230,Книга,Ведьмак,255
1670,1254,Картинка,«Генеалогии»,140
1671,1246,Книга,«Крещение огнём»,197
1672,1272,Игра,Ведьмак 3,68
1673,1260,Книга,«Владычица озера»,37
1674,1260,Книга,Владычица Озера,9
1675,1230,Книга,Ведьмак,22
1676,1270,Игра,Ведьмак 2,59
1677,1272,Игра,Ведьмак 3,161
1678,1230,Книга,Ведьмак,161
1679,,,,200
1680,1275,Игра,Кровь и Вино,209
1681,1246,Книга,«Крещение огнём»,145
1682,1272,Игра,Настольная Ролевая Игра,59
1683,1275,Игра,Кровь и Вино,276
1684,1272,Игра,Ведьмак 3,57
1685,1275,Игра,Кровь и Вино,17
1686,1230,Книга,Ведьмак,198
1687,1260,Книга,«Владычица озера»,244
1688,1244,Книга,«Лисьи дети»,147
1689,1230,Книга,Ведьмак,25
1690,1275,Игра,Кровь и Вино,42
1691,1272,Игра,Ведьмак 3,0
1692,1272,Игра,Ведьмак 3,86
1693,1275,Игра,Кровь и Вино,162
1694,1272,Игра,Ведьмак 3,95
1695,1266,Книга,«Сезон Гроз»,97
1696,1272,Игра,Ведьмак 3,287
1697,1272,Игра,Ведьмак 3,16
1698,1272,Игра,Ведьмак 3,299
1699,1230,Книга,«Ведьмак: Убивая чудовищ»,257
1700,1257,Книга,«Час презрения»,96
1701,1230,Книга,Ведьмак,4
1702,1272,Игра,Ведьмак 3,99
1703,1260,Книга,Владычица Озера,298
1704,1249,Книга,«Крупица истины»,229
1705,1244,Книга,«Вопрос цены»,216
1706,1275,Игра,Кровь и Вино,297
1707,1254,Книга,Книги:«Меч Предназначения»,257
1708,1270,Игра,Ведьмак 2,228
1709,1259,Книга,«Башня ласточки»,132
1710,1272,Игра,Ведьмак 3,116
1711,1230,Книга,Ведьмак,177
1712,1272,Игра,Ведьмак 3,170
1713,1247,Книга,«Вечный огонь»,6
1714,1272,Игра,Ведьмак 3,215
1715,1257,Книга,«Час презрения»,22
1716,,,,6
1717,1230,Книга,Ведьмак,32
1718,1230,Книга,Ведьмак,292
1719,1272,Игра,Ведьмак 3,151
1720,1270,Игра,Ведьмак 2,121
1721,1230,Книга,«Ведьмак: Игра Воображения»,120
1722,1278,Игра,Гвинт,209
1723,1266,Книга,«Сезон Гроз»,177
1724,1230,Книга,Ведьмак,99
1725,1254,Картинка,«Генеалогии»,239
1726,1272,Игра,Ведьмак 3,287
1727,1270,Игра,Ведьмак 2,208
1728,1230,Книга,«Ведьмак: Игра Воображения»,195
1729,1278,Игра,Гвинт,0
1730,1278,Игра,Гвинт,257
1731,1272,Игра,Ведьмак 3,183
1732,1272,Игра,Ведьмак 3,14
1733,1270,Игра,Ведьмак 2,25
1734,1272,Игра,Ведьмак 3,202
1735,1259,Книга,«Башня ласточки»,237
1736,1272,Игра,Ведьмак 3,297
1737,1272,Игра,Ведьмак 3,70
1738,1257,Книга,«Час презрения»,62
1739,1230,Книга,Ведьмак,95
1740,1230,Книга,Ведьмак,148
1741,1260,Книга,«Владычица озера»,300
1742,1272,Игра,Ведьмак 3,180
1743,1230,Книга,«Ведьмак»,201
1744,1270,Игра,Ведьмак 2,123
1745,1270,Игра,Ведьмак 2,278
1746,1272,Игра,Ведьмак 3,197
1747,1254,Картинка,«Генеалогии»,230
1748,1230,Книга,Ведьмак,88
1749,1275,Игра,Кровь и Вино,33
1750,1230,Книга,«Ведьмак: Из плоти и пламени»,141
1751,1230,Книга,Ведьмак,82
1752,1275,Игра,Кровь и Вино,57
1753,1246,Книга,«Крещение огнём»,27
1754,1272,Игра,Ведьмак 3,218
1755,1230,Книга,Ведьмак,146
1756,1230,Книга,Кровная вражда,167
1757,1230,Книга,«Ведьмак: Благо народа»,159
1758,1275,Игра,Кровь и Вино,203
1759,1270,Игра,Ведьмак 2,274
1760,1272,Игра,Ведьмак 3,152
1761,1260,Книга,«Владычица озера»,53
1762,1278,Игра,Гвинт,34
1763,1272,Игра,Ведьмак 3,18
1764,1272,Игра,Ведьмак 3,42
1765,1230,Книга,«Кровь эльфов»,26
1766,1259,Книга,«Башня ласточки»,189
1767,1272,Игра,Ведьмак 3,267
1768,1270,Игра,Ведьмак 2,134
1769,1264,Книга,«Меньшее зло»,73
1770,1272,Игра,Ведьмак 3,41
1771,1246,Книга,«Крещение огнём»,245
1772,1275,Игра,Кровь и Вино,194
1773,1278,Игра,Гвинт,60
1774,1272,Игра,Ведьмак 3,35
1775,1272,Игра,Ведьмак 3,132
1776,1230,Книга,Ведьмак,226
1777,1273,Игра,Каменные сердца,260
1778,1254,Книга,«Меч Предназначения»,98
1779,1270,Игра,Ведьмак 2,244
1780,1254,Картинка,«Генеалогии»,202
1781,1278,Игра,Гвинт,87
1782,1257,Книга,«Час презрения»,191
1783,1275,Игра,Кровь и Вино,51
1784,1278,Игра,Гвинт,295
1785,1272,Игра,Ведьмак 3,202
1786,1272,Игра,Ведьмак 3,163
1787,1272,Игра,Ведьмак 3,289
1788,1272,Игра,Ведьмак 3,285
1789,1230,Книга,«Ведьмак: Игра Воображения»,206
1790,1244,Книга,Вопрос цены,173
1791,1272,Игра,Ведьмак 3,206
1792,1230,Книга,Ведьмак,116
1793,1272,Игра,Ведьмак 3,289
1794,1272,Игра,Ведьмак 3,91
1795,1230,Книга,Ведьмак,297
1796,1275,Игра,Кровь и Вино,64
1797,1266,Книга,«Сезон Гроз»,182
1798,1264,Книга,«Меньшее зло»,196
1799,1272,Игра,Ведьмак 3,105
1800,1230,Книга,Кровная вражда,115
1801,1259,Книга,«Башня ласточки»,176
1802,1259,Книга,«Башня ласточки»,169
1803,1257,Книга,«Час презрения»,54
1804,1272,Игра,Ведьмак 3,283
1805,1230,Книга,Кровная вражда,172
1806,1260,Книга,«Владычица озера»,100
1807,1272,Игра,Ведьмак 3,107
1808,1272,Игра,Ведьмак 3,0
1809,1259,Книга,«Башня ласточки»,35
1810,1230,Книга,Ведьмак,252
1811,1230,Книга,Ведьмак,233
1812,1272,Игра,Ведьмак 3,299
1813,1257,Книга,«Час презрения»,274
1814,1270,Игра,Ведьмак 2,172
1815,1257,Книга,«Час презрения»,289
1816,1273,Игра,Каменные сердца,33
1817,1259,Книга,«Башня ласточки»,215
1818,1272,Игра,Ведьмак 3,205
1819,1259,Книга,«Башня ласточки»,197
1820,1230,Книга,Кровная вражда,262
1821,1270,Игра,Ведьмак 2,266
1822,1230,Книга,«Кровь эльфов»,73
1823,,,,221
1824,1264,Книга,«Меньшее зло»,285
1825,1272,Игра,Ведьмак 3,128
1826,1230,Книга,«Ведьмак: Игра Воображения»,101
1827,1266,Книга,Сезон Гроз,168
1828,1272,Игра,Ведьмак 3,232
1829,1260,Книга,«Владычица озера»,46
1830,1270,Игра,Ведьмак 2,176
1831,1272,Игра,Ведьмак 3,97
1832,1256,Книга,«Нечто большее»,94
1833,1247,Книга,"Вечный огонь",277
1834,1252,Книга,«Осколок льда»,190
1835,,,,278
1836,1272,Игра,Ведьмак 3,195
1837,1230,Книга,«Ведьмак: Игра Воображения»,253
1838,1230,Книга,Ведьмак,8
1839,1272,Игра,Ведьмак 3,264
1840,1230,Книга,Кровная вражда,289
1841,1253,Книга,«Что-то кончается,228
1842,1273,Игра,Каменные сердца,88
1843,1272,Игра,Ведьмак 3,236
1844,1230,Книга,«Ведьмак: Настольная Ролевая Игра»,149
1845,1272,Игра,Ведьмак 3,163
1846,1264,Книга,«Меньшее зло»,51
1847,1275,Игра,Кровь и Вино,259
1848,1275,Игра,Кровь и Вино,198
1849,1270,Игра,Ведьмак 2,152
1850,1230,Книга,Ведьмак,99
1851,1233,Книга,«Дом витражей»,158
1852,1230,Книга,«Ведьмак: Настольная Ролевая Игра»,40
1853,1272,Игра,Ведьмак 3,273
1854,1257,Книга,«Час презрения»,53
1855,1259,Книга,Книги:«Башня Ласточки»,198
1856,1272,Игра,Ведьмак 3,293
1857,1266,Книга,«Сезон Гроз»,243
1858,1230,Книга,«Ведьмак: Игра Воображения»,161
1859,1266,Книга,Сезон Гроз,102
1860,1254,Картинка,Генеалогии,13
1861,1254,Картинка,«Генеалогии»,281
1862,1230,Книга,Кровная вражда,128
1863,1230,Книга,«Ведьмак: Проклятье воронов»,298
1864,1256,Книга,«Немного жертвенности»,41
1865,1272,Игра,Ведьмак 3,140
1866,1260,Книга,«Владычица озера»,132
1867,1247,Книга,«Вечный огонь»,159
1868,1270,Игра,Ведьмак 2,165
1869,1270,Игра,Ведьмак 2,292
1870,1260,Книга,«Владычица озера»,185
1871,1230,Книга,Ведьмак,179
1872,1230,Книга,«Башня Ласточки»,253
1873,1272,Игра,Ведьмак 3,221
1874,1272,Игра,Ведьмак 3,25
1875,1272,Игра,Ведьмак 3,34
1876,1278,Игра,Гвинт,204
1877,1244,Книга,«Глас рассудка»,168
1878,,,,293
1879,1230,Книга,«Кровь эльфов»,289
1880,1272,Игра,Ведьмак 3,2
1881,1270,Игра,Ведьмак 2,242
1882,1275,Игра,Кровь и Вино,258
1883,1266,Книга,«Сезон Гроз»,15
1884,1230,Комикс,«Предательство»,165
1885,1230,Книга,Кровная вражда,20
1886,1230,Книга,Ведьмак,119
1887,1230,Книга,Кровная вражда,86
1888,1272,Игра,Ведьмак 3,31
1889,1230,Книга,Ведьмак,81
1890,1273,Игра,Каменные сердца,157
1891,1275,Игра,Кровь и Вино,16
1892,1272,Игра,Ведьмак 3,52
1893,1272,Игра,Ведьмак 3,77
1894,1266,Книга,«Сезон Гроз»,240
1895,1259,Книга,«Дорога без возврата»,223
1896,1272,Игра,Ведьмак 3,149
1897,1270,Игра,Ведьмак 2,118
1898,1272,Игра,Ведьмак 3,129
1899,1270,Игра,Ведьмак 2,89
1900,1272,Игра,Ведьмак 3,222
1901,1250,Книга,«Край света»,116
1902,1272,Игра,Ведьмак 3,118
1903,1275,Игра,Кровь и Вино,42
1904,1272,Игра,Ведьмак 3,14
1905,1259,Книга,«Башня ласточки»,18
1906,1250,Книга,«Край света»,266
1907,1272,Игра,Ведьмак 3,291
1908,1272,Игра,Ведьмак 3,229
1909,1230,Книга,Ведьмак,124
1910,1230,Книга,Кровная вражда,21
1911,1230,Книга,Ведьмак,116
1912,1230,Книга,Ведьмак,79
1913,1275,Игра,Кровь и Вино,164
1914,1230,Комикс,«Предательство»,70
1915,1266,Книга,«Сезон Гроз»,256
1916,1275,Игра,Кровь и Вино,113
1917,1230,Книга,Ведьмак,169
1918,1264,Книга,«Меньшее зло»,142
1919,1270,Игра,Ведьмак 2,139
1920,,,,269
1921,1230,Книга,«Кровь эльфов»,98
1922,1230,Книга,«Башня Ласточки»,151
1923,1270,Игра,Ведьмак 2,2
1924,1230,Книга,«Ведьмак: Проклятье воронов»,169
1925,1270,Игра,Ведьмак 2,54
1926,1272,Игра,Ведьмак 3,227
1927,1230,Книга,«Кровь эльфов»,103
1928,1272,Игра,Ведьмак 3,246
1929,1246,Книга,«Крещение огнём»,180
1930,1246,Книга,Крещение огнём,300
1931,1266,Книга,«Сезон гроз»,240
1932,1272,Игра,Ведьмак 3,33
1933,1272,Игра,Ведьмак 3,108
1934,1272,Игра,Ведьмак 3,186
1935,1248,Книга,«Предел возможного»,14
1936,1273,Игра,Каменные сердца,201
1937,1272,Игра,Ведьмак 3,74
1938,1272,Игра,Ведьмак 3,259
1939,1272,Игра,Ведьмак 3,6
1940,1272,Игра,Ведьмак 3,270
1941,1272,Игра,Ведьмак 3,218
1942,1260,Книга,«Владычица озера»,62
1943,1278,Игра,«Гвинт: Ведьмак Карточная Игра»,105
1944,1272,Игра,Ведьмак 3,104
1945,1272,Игра,Ведьмак 3,43
1946,1272,Игра,Ведьмак 3,21
1947,1273,Игра,Каменные сердца,64
1948,1270,Игра,Ведьмак 2,63
1949,1230,Книга,Кровная вражда,190
1950,1272,Игра,Ведьмак 3,127
1951,1272,Игра,Ведьмак 3,203
1952,1272,Игра,Ведьмак 3,89
1953,1272,Игра,Ведьмак 3,180
1954,1272,Игра,Ведьмак 3,5
1955,1270,Игра,Ведьмак 2,296
1956,1270,Игра,Ведьмак 2,299
1957,1272,Игра,Ведьмак 3,72
1958,1278,Игра,Гвинт,290
1959,1230,Книга,Час Презрения,65
1960,,,,180
1961,1275,Игра,Кровь и Вино,20
1962,1272,Игра,Ведьмак 3,294
1963,1270,Игра,Ведьмак 2,284
1964,1278,Игра,Гвинт,220
1965,1230,Книга,Кровная вражда,44
1966,1244,Книга,«Глас рассудка»,78
1967,1257,Книга,«Час презрения»,185
1968,1272,Игра,Ведьмак 3,174
1969,1270,Игра,Ведьмак 2,54
1970,1257,Книга,«Час презрения»,289
1971,1266,Книга,«Сезон Гроз»,230
1972,1230,Книга,Ведьмак,100
1973,1270,Игра,Ведьмак 2,299
1974,1272,Игра,Ведьмак 3,13
1975,1270,Игра,Ведьмак 2,220
1976,1273,Игра,Каменные сердца,35
1977,1270,Игра,Ведьмак 2,240
1978,1246,Книга,«Крещение огнём»,135
1979,1270,Игра,Ведьмак 2,11
1980,1259,Книга,«Башня ласточки»,116
1981,1272,Игра,Ведьмак 3,107
1982,1272,Игра,Ведьмак 3,211
1983,1257,Книга,«Час презрения»,246
1984,1266,Книга,Сезон Гроз,282
1985,1273,Игра,Каменные сердца,248
1986,1264,Книга,«Меньшее зло»,233
1987,1272,Игра,Ведьмак 3,238
1988,1254,Картинка,«Генеалогии»,230
1989,1230,Книга,Ведьмак,193
1990,1246,Книга,«Крещение огнём»,109
1991,1250,Книга,«Край света»,17
1992,1275,Игра,Кровь и Вино,247
1993,1272,Игра,Ведьмак 3,7
1994,1278,Игра,Гвинт,203
1995,1230,Книга,«Кровь эльфов»,55
1996,1272,Игра,Ведьмак 3,288
1997,1257,Книга,«Час презрения»,291
1998,1270,Игра,Ведьмак 2,189
1999,1260,Книга,«Владычица озера»,130
2000,1230,Книга,«Кровь эльфов»,231
2001,1272,Игра,Ведьмак 3,83
2002,1266,Книга,«Сезон Гроз»,94
2003,1272,Игра,Ведьмак 3,163
2004,1230,Книга,«Башня Ласточки»,22
2005,1272,Игра,Ведьмак 3,155
2006,1273,Игра,Каменные сердца,252
2007,1230,Книга,«Ведьмак»,48
2008,1272,Игра,Ведьмак 3,263
2009,1230,Книга,«Ведьмак: Проклятье воронов»,247
2010,1266,Книга,«Сезон Гроз»,256
2011,1230,Комикс,«Предательство»,145
2012,1272,Игра,Ведьмак 3,44
2013,1257,Книга,«Час презрения»,154
2014,1272,Игра,Ведьмак 3,44
2015,1266,Книга,«Сезон Гроз»,53
2016,1275,Игра,Кровь и Вино,216
2017,1273,Игра,Каменные сердца,84
2018,1257,Книга,«Час презрения»,146
2019,1272,Игра,Ведьмак 3,98
2020,1259,Книга,«Дорога без возврата»,89
2021,1264,Книга,«Меньшее зло»,246
2022,1230,Книга,Кровь эльфов,69
2023,1254,Книга,«Меч Предназначения»,244
2024,1272,Игра,Ведьмак 3,133
2025,1272,Игра,Ведьмак 3,38
2026,,,,206
2027,1246,Книга,«Крещение огнём»,204
2028,1272,Игра,Ведьмак 3,79
2029,1272,Игра,Ведьмак 3,200
2030,1278,Игра,Гвинт,297
2031,1230,Книга,«Башня Ласточки»,253
2032,1278,Игра,Гвинт,215
2033,1260,Книга,«Владычица озера»,84
2034,1278,Игра,Гвинт,163
2035,1230,Книга,Кровная вражда,274
2036,1278,Игра,«Гвинт: Ведьмак. Карточная игра»,92
2037,1272,Игра,Ведьмак 3,266
2038,1230,Книга,Кровная вражда,238
2039,1275,Игра,Кровь и Вино,45
2040,1272,Игра,Ведьмак 3,10
2041,1275,Игра,Кровь и Вино,173
2042,1230,Книга,Ведьмак,294
2043,1272,Игра,Ведьмак 3,10
2044,1275,Игра,Кровь и Вино,161
2045,1272,Игра,Ведьмак 3,25
2046,1272,Игра,Ведьмак 3,37
2047,1272,Игра,Ведьмак 3,184
2048,1270,Игра,Ведьмак 2,149
2049,1272,Игра,Ведьмак 3,217
2050,1272,Игра,Ведьмак 3,96
2051,1230,Книга,Ведьмак,22
2052,1266,Книга,«Сезон Гроз»,203
2053,1270,Игра,Ведьмак 2,54
2054,1247,Книга,«Вечный огонь»,34
2055,1260,Книга,Владычица Озера,250
2056,1272,Игра,Ведьмак 3,65
2057,1272,Игра,Ведьмак 3,249
2058,1278,Игра,«Гвинт: Ведьмак. Карточная игра»,267
2059,1257,Книга,«Час презрения»,230
2060,1230,Книга,Кровная вражда,238
2061,1254,Картинка,«Генеалогии»,108
2062,1230,Книга,Ведьмак,61
2063,1272,Игра,Ведьмак 3,154
2064,1230,Книга,Кровная вражда,281
2065,1230,Комикс,«Предательство»,247
2066,1257,Книга,«Час презрения»,21
2067,1272,Игра,Ведьмак 3,124
2068,1230,Книга,«Кровь эльфов»,136
2069,1266,Книга,«Сезон Гроз»,172
2070,1230,Книга,«Ведьмак: Игра Воображения»,109
2071,1272,Игра,Ведьмак 3,78
2072,1230,Книга,Ведьмак,17
2073,1266,Книга,Сезон Гроз,69
2074,1272,Игра,Ведьмак 3,102
2075,1272,Игра,Ведьмак 3,219
2076,1253,Книга,«Последнее желание»,168
2077,1278,Игра,Гвинт,59
2078,1230,Книга,«Башня Ласточки»,104
2079,1230,Книга,Ведьмак,260
2080,1244,Книга,«Вопрос цены»,231
2081,1230,Книга,Ведьмак,89
2082,1272,Игра,Ведьмак 3,225
2083,1260,Книга,Владычица Озера,230
2084,1260,Книга,«Владычица озера»,187
2085,1272,Игра,Ведьмак 3,152
2086,1270,Игра,Ведьмак 2,229
2087,1266,Книга,«Сезон Гроз»,219
2088,1275,Игра,«Кровь и Вино»,283
2089,1275,Игра,Кровь и Вино,7
2090,1273,Игра,Каменные сердца,129
2091,1259,Книга,«Башня ласточки»,19
2092,1273,Игра,Каменные сердца,82
2093,1272,Игра,Ведьмак 3,79
2094,1230,Книга,Кровная вражда,61
2095,1230,Книга,Кровная вражда,169
2096,1260,Книга,"Владычица Озера",282
2097,1256,Книга,«Немного жертвенности»,143
2098,1272,Игра,Ведьмак 3,206
2099,1272,Игра,Ведьмак 3,169
2100,1272,Игра,Ведьмак 3,98
2101,1272,Игра,Ведьмак 3,81
2102,1254,Картинка,«Генеалогии»,245
2103,1259,Книга,«Башня ласточки»,21
2104,1272,Игра,Ведьмак 3,129
2105,1254,Картинка,«Генеалогии»,100
2106,1244,Книга,Книги:«Вопрос цены»,138
2107,1257,Книга,«Час презрения»,272
2108,1270,Игра,Ведьмак 2,231
2109,1275,Игра,Кровь и Вино,124
2110,,,,84
2111,1260,Книга,«Владычица озера»,257
2112,1254,Книга,«Меч Предназначения»,122
2113,1254,Картинка,«Генеалогии»,249
2114,1272,Игра,Ведьмак 3,164
2115,1272,Игра,Ведьмак 3,78
2116,1273,Игра,Каменные сердца,164
2117,1272,Игра,Ведьмак 3,112
2118,1272,Игра,Ведьмак 3,22
2119,1273,Игра,Каменные сердца,70
2120,1246,Книга,«Крещение огнём»,197
2121,1270,Игра,Ведьмак 2,280
2122,1248,Книга,«Предел возможного»,159
2123,1230,Книга,Ведьмак,194
2124,1272,Игра,Ведьмак 3,209
2125,1259,Книга,Дорога без возврата,175
2126,1233,Книга,«Когти и клыки»,135
2127,1230,Книга,«Кровь эльфов»,241
2128,1275,Игра,Кровь и Вино,31
2129,1275,Игра,Кровь и Вино,174
2130,1260,Книга,«Владычица озера»,292
2131,1272,Игра,Ведьмак 3,71
2132,1246,Книга,«Крещение огнём»,73
2133,1266,Книга,«Сезон Гроз»,69
2134,1272,Игра,Ведьмак 3,121
2135,1230,Книга,«Кровь эльфов»,57
2136,1272,Игра,Ведьмак 3,87
2137,1272,Игра,Ведьмак 3,228
2138,1260,Книга,«Владычица озера»,199
2139,1246,Книга,«Крещение огнём»,221
2140,1272,Игра,Ведьмак 3,248
2141,1260,Книга,«Владычица озера»,277
2142,1257,Книга,«Час презрения»,50
2143,1259,Книга,«Башня ласточки»,300
2144,1272,Игра,Ведьмак 3,236
2145,,,,174
2146,1275,Игра,Кровь и Вино,169
2147,1272,Игра,Ведьмак 3,255
2148,1230,Книга,Ведьмак,269
2149,1256,Книга,«Немного жертвенности»,165
2150,1260,Книга,«Владычица озера»,9
2151,1273,Игра,Каменные сердца,244
2152,1248,Книга,«Предел возможного»,64
2153,1230,Книга,«Ведьмак: Благо народа»,211
2154,1273,Игра,Каменные сердца,143
2155,1272,Игра,Ведьмак 3,128
2156,1257,Книга,«Час презрения»,2
2157,1230,Книга,«Кровная вражда: Ведьмак. Истории»,159
2158,1273,Игра,Каменные сердца,57
2159,1230,Книга,Ведьмак,63
2160,1230,Книга,«Кровь эльфов»,203
2161,1264,Книга,«Меньшее зло»,242
2162,1260,Книга,«Владычица Озера»,74
2163,1272,Игра,Ведьмак 3,282
2164,1270,Игра,Ведьмак 2,46
2165,1272,Игра,Ведьмак 3,178
2166,1272,Игра,Ведьмак 3,8
2167,1272,Игра,Ведьмак 3,96
2168,1273,Игра,Каменные сердца,187
2169,1266,Книга,«Сезон Гроз»,137
2170,1272,Игра,Ведьмак 3,173
2171,1230,Книга,«Кровная вражда: Ведьмак. Истории»,163
2172,1270,Игра,Ведьмак 2,17
2173,1266,Книга,Сезон Гроз,209
2174,1272,Игра,Ведьмак 3,148
2175,1260,Книга,«Владычица озера»,30
2176,1254,Картинка,«Генеалогии»,122
2177,1272,Игра,Ведьмак 3,228
2178,1275,Игра,Кровь и Вино,43
2179,1254,Книга,«Меч Предназначения»,120
2180,1272,Игра,Ведьмак 3,117
2181,1272,Игра,Ведьмак 3,76
2182,1248,Книга,«Предел возможного»,136
2183,1260,Книга,«Владычица Озера»,34
2184,1244,Книга,«Вопрос цены»,252
2185,1272,Игра,Ведьмак 3,51
2186,1270,Игра,Ведьмак 2,261
2187,1257,Книга,«Час презрения»,265
2188,1272,Игра,Ведьмак 3,162
2189,1244,Книга,«Вопрос цены»,219
2190,,,,81
2191,1230,Книга,«Кровь эльфов»,199
2192,1246,Книга,«Крещение огнём»,176
2193,1270,Игра,Ведьмак 2,34
2194,1260,Книга,«Владычица озера»,290
2195,1270,Игра,Ведьмак 2,77
2196,1254,Картинка,«Генеалогии»,261
2197,1266,Книга,«Сезон Гроз»,214
2198,1273,Игра,Каменные сердца,63
2199,1230,Книга,«Ведьмак: Проклятье воронов»,264
2200,1254,Книга,«Меч Предназначения»,48
2201,1272,Игра,Ведьмак 3,300
2202,1272,Игра,Ведьмак 3,24
2203,1233,Книга,«Когти и клыки»,11
2204,1266,Книга,«Сезон Гроз»,161
2205,1272,Игра,Ведьмак 3,18
2206,1230,Книга,Кровная вражда,12
2207,,,,225
2208,1272,Игра,Ведьмак 3,39
2209,1272,Игра,Ведьмак 3,134
2210,1260,Книга,«Владычица озера»,91
2211,1264,Книга,«Меньшее зло»,230
2212,1270,Игра,Ведьмак 2,114
2213,1230,Книга,Ведьмак,132
2214,1230,Книга,Ведьмак,220
2215,1272,Игра,Ведьмак 3,49
2216,,,,134
2217,1253,Книга,«Последнее желание» (как Дани)«Кровь эльфов»,36
2218,1246,Книга,«Крещение огнём»,170
2219,1275,Игра,Кровь и Вино,29
2220,1260,Книга,«Владычица озера»,284
2221,1273,Игра,Каменные сердца,299
2222,1230,Книга,Ведьмак,107
2223,1270,Игра,Ведьмак 2,182
2224,1272,Игра,Ведьмак 3,220
2225,1254,Книга,«Меч Предназначения»,233
2226,1257,Книга,«Час презрения»,153
2227,1272,Игра,Ведьмак 3,233
2228,1260,Книга,«Владычица озера»,62
2229,1275,Игра,Кровь и Вино,95
2230,1230,Книга,Ведьмак,283
2231,1230,Книга,«Ведьмак: Игра Воображения»,187
2232,1273,Игра,Каменные сердца,48
2233,1272,Игра,Ведьмак 3,221
2234,1273,Игра,Каменные сердца,255
2235,1272,Игра,Ведьмак 3,293
2236,1230,Книга,Ведьмак,188
2237,1230,Книга,«Ведьмак: Настольная Ролевая Игра»,236
2238,1272,Игра,Ведьмак 3,260
2239,1272,Игра,Ведьмак 3,188
2240,1244,Книга,«Глас рассудка»,252
2241,1273,Игра,Каменные сердца,29
2242,1272,Игра,Ведьмак 3,53
2243,1273,Игра,Каменные сердца,188
2244,1253,Книга,«Последнее желание»,197
2245,1266,Книга,«Сезон Гроз»,185
2246,1230,Книга,«Кровь эльфов»,251
2247,1256,Книга,«Немного жертвенности»,114
2248,1230,Книга,«Башня Ласточки»,297
2249,1259,Книга,«Башня ласточки»,133
2250,1259,Книга,«Башня ласточки»,32
2251,1254,Картинка,«Генеалогии»,297
2252,1260,Книга,«Владычица озера»,201
2253,1278,Игра,Гвинт,110
2254,1273,Игра,Каменные сердца,269
2255,1230,Книга,«Кровь эльфов»,177
2256,1246,Книга,«Крещение огнём»,69
2257,1230,Книга,Ведьмак,210
2258,1259,Книга,«Башня ласточки»,135
2259,1230,Книга,Ведьмак,171
2260,1272,Игра,Ведьмак 3,132
2261,1275,Игра,Кровь и Вино,199
2262,1230,Книга,«Ведьмак: Благо народа»,275
2263,1272,Игра,Ведьмак 3,111
2264,1257,Книга,«Час презрения»,16
2265,1272,Игра,Ведьмак 3,86
2266,1273,Игра,Каменные сердца,127
2267,1272,Игра,Ведьмак 3,85
2268,1272,Игра,Ведьмак 3,35
2269,1273,Игра,Каменные сердца,13
2270,1272,Игра,Ведьмак 3,218
2271,1278,Игра,Гвинт,11
2272,1272,Игра,Ведьмак 3,300
2273,1230,Книга,«Ведьмак: Настольная Ролевая Игра»,106
2274,1257,Книга,«Час презрения»,52
2275,1246,Книга,«Крещение огнём»,7
2276,1275,Игра,Кровь и Вино,257
2277,1275,Игра,Кровь и Вино,112
2278,1230,Книга,Ведьмак,82
2279,1233,Книга,«Дом витражей»,272
2280,1266,Книга,«Сезон Гроз»,230
2281,1272,Игра,Ведьмак 3,282
2282,1272,Игра,Ведьмак 3,61
2283,1272,Игра,Ведьмак 3,245
2284,1272,Игра,Ведьмак 3,218
2285,1272,Игра,Ведьмак 3,246
2286,1273,Игра,Каменные сердца,28
2287,1275,Игра,Кровь и Вино,110
2288,1270,Игра,Ведьмак 2,134
2289,1278,Игра,«Гвинт: Ведьмак. Карточная игра»,108
2290,1230,Книга,«Башня Ласточки»,291
2291,1260,Книга,"Владычица Озера",6
2292,1266,Книга,«Сезон Гроз»,19
2293,1260,Книга,«Владычица озера»,188
2294,1272,Игра,Ведьмак 3,151
2295,1230,Книга,Кровная вражда,212
2296,1272,Игра,Ведьмак 3,147
2297,1272,Игра,Ведьмак 3,173
2298,1248,Книга,«Предел возможного»,34
2299,1272,Игра,Ведьмак 3,29
2300,1273,Игра,Каменные сердца,168
2301,1272,Игра,Ведьмак 3,11
2302,1273,Игра,Каменные сердца,69
2303,1230,Книга,Кровная вражда,42
2304,1230,Книга,Кровная вражда,238
2305,1248,Книга,«Предел возможного»,157
2306,1230,Книга,«Кровь эльфов»,30
2307,1272,Игра,Ведьмак 3,240
2308,1230,Книга,Ведьмак,136
